"ssvid","ais_imo","poor_id","vessel_id","ais_shipname","ais_callsign","vessel_flag_best","vessel_class_best","geartype_best","trip_id","trip_start","start_port_iso3","start_port_label","trip_start_confidence","trip_duration_days","num_encounters","num_loitering","num_fishing","vessel_id_1","npg_2026_phase_1","npg_2026_phase_2","vv_url"
"351537000","8688755",FALSE,"9d12abf11-16b3-c247-7aed-d56b541266e5","RUI SHENG","3FOH6","PAN","carrier","carrier","351537000-9d12abf11-16b3-c247-7aed-d56b541266e5-019d5cc7a4e8",2026-04-05 08:34:41,"CHN","NINGBO",4,25.63,0,0,0,"9d12abf11-16b3-c247-7aed-d56b541266e5",TRUE,TRUE,"=HYPERLINK(""https://globalfishingwatch.org/map/vessel/9d12abf11-16b3-c247-7aed-d56b541266e5?&start=2026-03-01&end=2026-04-30"")"
"412209135",NA,FALSE,"13b2ff18f-fa9a-2e1c-863e-470e0c73a469","JU LONG JIA YA 3","BZYS4","CHN","fishing","fishing","412209135-13b2ff18f-fa9a-2e1c-863e-470e0c73a469-019d343bf1c8",2026-03-28 11:37:17,"CHN","CHN-170",4,33.5,0,6,2,"13b2ff18f-fa9a-2e1c-863e-470e0c73a469",TRUE,TRUE,"=HYPERLINK(""https://globalfishingwatch.org/map/vessel/13b2ff18f-fa9a-2e1c-863e-470e0c73a469?&start=2026-03-01&end=2026-04-30"")"
"412209136","8540525",FALSE,"562a1eaf7-70cf-21c4-2695-d3747bbbe883","XIN HAI 1259","BZYS5","CHN","fishing","fishing","412209136-562a1eaf7-70cf-21c4-2695-d3747bbbe883-019d76b34790",2026-04-10 09:22:34,"CHN","CHN-2289",4,20.58,0,10,24,"562a1eaf7-70cf-21c4-2695-d3747bbbe883",TRUE,TRUE,"=HYPERLINK(""https://globalfishingwatch.org/map/vessel/562a1eaf7-70cf-21c4-2695-d3747bbbe883?&start=2026-03-01&end=2026-04-30"")"
"412209139",NA,FALSE,"51d002bfc-c972-31f8-a9c4-08cdbe926447","XIN HAI 1209","BZYS8","CHN","fishing","fishing","412209139-51d002bfc-c972-31f8-a9c4-08cdbe926447-019d76aec350",2026-04-10 09:17:38,"CHN","CHN-2289",4,20.58,0,4,5,"51d002bfc-c972-31f8-a9c4-08cdbe926447",TRUE,TRUE,"=HYPERLINK(""https://globalfishingwatch.org/map/vessel/51d002bfc-c972-31f8-a9c4-08cdbe926447?&start=2026-03-01&end=2026-04-30"")"
"412209142",NA,FALSE,"ad5df6b76-6c75-f40d-0033-6c591aebb97d","XINHAI1219","BZYT2","CHN","fishing","fishing","412209142-ad5df6b76-6c75-f40d-0033-6c591aebb97d-019d4343d848",2026-03-31 09:40:13,"CHN","CHN-2289",4,30.58,0,5,3,"ad5df6b76-6c75-f40d-0033-6c591aebb97d",TRUE,TRUE,"=HYPERLINK(""https://globalfishingwatch.org/map/vessel/ad5df6b76-6c75-f40d-0033-6c591aebb97d?&start=2026-03-01&end=2026-04-30"")"
"412209143","8540264",FALSE,"bedbd7020-0a1b-a462-4001-396be0410c24","JU LONG JIA YA 10","BZYT3","CHN","fishing","fishing","412209143-bedbd7020-0a1b-a462-4001-396be0410c24-019d43878868",2026-03-31 10:54:09,"CHN","CHN-2289",4,30.54,0,9,20,"bedbd7020-0a1b-a462-4001-396be0410c24",TRUE,TRUE,"=HYPERLINK(""https://globalfishingwatch.org/map/vessel/bedbd7020-0a1b-a462-4001-396be0410c24?&start=2026-03-01&end=2026-04-30"")"
"412331208",NA,FALSE,"c5a8ad39b-b454-cd67-101b-d51eeeb77a0f","FV.LUWEIYUANYUYUN777","BBIT7","CHN","carrier","carrier","412331208-c5a8ad39b-b454-cd67-101b-d51eeeb77a0f-019d55c58408",2026-04-03 23:55:01,"CHN","SHIDAO",4,27,0,0,0,"c5a8ad39b-b454-cd67-101b-d51eeeb77a0f",TRUE,TRUE,"=HYPERLINK(""https://globalfishingwatch.org/map/vessel/c5a8ad39b-b454-cd67-101b-d51eeeb77a0f?&start=2026-03-01&end=2026-04-30"")"
"412420418",NA,FALSE,"371af0396-6341-87bf-cb43-968de6b14d88","ZHOUHONGYUAN2","BZ2VF","CHN","fishing","squid_jigger","412420418-371af0396-6341-87bf-cb43-968de6b14d88-019d4bf2bec8",2026-04-02 02:08:13,"CHL","PUNTA ARENAS",4,28.88,0,5,0,"371af0396-6341-87bf-cb43-968de6b14d88",TRUE,TRUE,"=HYPERLINK(""https://globalfishingwatch.org/map/vessel/371af0396-6341-87bf-cb43-968de6b14d88?&start=2026-03-01&end=2026-04-30"")"
"412420954",NA,FALSE,"2454ae9dc-cfad-2f69-07a9-915bc8c16787","XIN HAI 61","BZV2S","CHN","fishing","fishing","412420954-2454ae9dc-cfad-2f69-07a9-915bc8c16787-019d902f5f88",2026-04-15 08:08:37,"CHN","NINGBO",4,15.63,0,5,5,"2454ae9dc-cfad-2f69-07a9-915bc8c16787",TRUE,TRUE,"=HYPERLINK(""https://globalfishingwatch.org/map/vessel/2454ae9dc-cfad-2f69-07a9-915bc8c16787?&start=2026-03-01&end=2026-04-30"")"
"412420956",NA,FALSE,"ebae40948-80c7-f3b1-79fc-f49ee969f421","XIN HAI 62","BZV3S","CHN","fishing","fishing","412420956-ebae40948-80c7-f3b1-79fc-f49ee969f421-019d90343da0",2026-04-15 08:13:56,"CHN","NINGBO",4,15.63,0,7,31,"ebae40948-80c7-f3b1-79fc-f49ee969f421",TRUE,TRUE,"=HYPERLINK(""https://globalfishingwatch.org/map/vessel/ebae40948-80c7-f3b1-79fc-f49ee969f421?&start=2026-03-01&end=2026-04-30"")"
"412420978","8783402",FALSE,"2f1c47926-6bbd-4a2e-95df-03304c060e87","ZHOU YU 903","BZV6W","CHN","fishing","fishing","412420978-2f1c47926-6bbd-4a2e-95df-03304c060e87-019da6c8b280",2026-04-19 17:27:44,"CHN","ZHOUSHAN",4,11.25,0,2,11,"2f1c47926-6bbd-4a2e-95df-03304c060e87",TRUE,TRUE,"=HYPERLINK(""https://globalfishingwatch.org/map/vessel/2f1c47926-6bbd-4a2e-95df-03304c060e87?&start=2026-03-01&end=2026-04-30"")"
"412420982","8783414",FALSE,"edb86f227-7cdd-fcea-cae7-2f1eaf405166","ZHOU YU 904","BZV7W","CHN","fishing","fishing","412420982-edb86f227-7cdd-fcea-cae7-2f1eaf405166-019d8b2ecf50",2026-04-14 08:49:54,"CHN","ZHOUSHAN",4,16.63,0,2,41,"edb86f227-7cdd-fcea-cae7-2f1eaf405166",TRUE,TRUE,"=HYPERLINK(""https://globalfishingwatch.org/map/vessel/edb86f227-7cdd-fcea-cae7-2f1eaf405166?&start=2026-03-01&end=2026-04-30"")"
"412421008",NA,FALSE,"baa8c4c19-9961-d924-0860-1131b7e3e9d6","XIN HAI 1206","BZV4Z","CHN","fishing","fishing","412421008-baa8c4c19-9961-d924-0860-1131b7e3e9d6-019d76c7dd18",2026-04-10 09:45:03,"CHN","CHN-2289",4,20.58,0,4,2,"baa8c4c19-9961-d924-0860-1131b7e3e9d6",TRUE,TRUE,"=HYPERLINK(""https://globalfishingwatch.org/map/vessel/baa8c4c19-9961-d924-0860-1131b7e3e9d6?&start=2026-03-01&end=2026-04-30"")"
"412421011",NA,FALSE,"2e45ce64f-f565-8a0e-ee1e-0b059565e65c","XIN HAI 1208","BZV6Z","CHN","fishing","fishing","412421011-2e45ce64f-f565-8a0e-ee1e-0b059565e65c-019d76c141b0",2026-04-10 09:37:50,"CHN","CHN-2289",4,20.58,0,7,4,"2e45ce64f-f565-8a0e-ee1e-0b059565e65c",TRUE,TRUE,"=HYPERLINK(""https://globalfishingwatch.org/map/vessel/2e45ce64f-f565-8a0e-ee1e-0b059565e65c?&start=2026-03-01&end=2026-04-30"")"
"412421012",NA,FALSE,"73304b604-4727-e368-9cc6-ecbb16ec4c7a","XINHAI1207","BZV5Z","CHN","fishing","fishing","412421012-73304b604-4727-e368-9cc6-ecbb16ec4c7a-019d76c3aae0",2026-04-10 09:40:28,"CHN","CHN-2289",4,20.58,0,2,2,"73304b604-4727-e368-9cc6-ecbb16ec4c7a",TRUE,TRUE,"=HYPERLINK(""https://globalfishingwatch.org/map/vessel/73304b604-4727-e368-9cc6-ecbb16ec4c7a?&start=2026-03-01&end=2026-04-30"")"
"412421035",NA,FALSE,"920c1cd06-62cd-c834-4881-582b57f04169","XIN HAI 1225","BZW8E","CHN","fishing","fishing","412421035-920c1cd06-62cd-c834-4881-582b57f04169-019d439484a0",2026-03-31 11:08:20,"CHN","CHN-2289",4,30.5,0,4,1,"920c1cd06-62cd-c834-4881-582b57f04169",TRUE,TRUE,"=HYPERLINK(""https://globalfishingwatch.org/map/vessel/920c1cd06-62cd-c834-4881-582b57f04169?&start=2026-03-01&end=2026-04-30"")"
"412421036",NA,FALSE,"b3fd913a6-67ff-be7a-b7db-851a6d4545ea","XIN HAI 79","BZW9E","CHN","fishing","fishing","412421036-b3fd913a6-67ff-be7a-b7db-851a6d4545ea-019d903c28f8",2026-04-15 08:22:35,"CHN","NINGBO",4,15.63,0,7,29,"b3fd913a6-67ff-be7a-b7db-851a6d4545ea",TRUE,TRUE,"=HYPERLINK(""https://globalfishingwatch.org/map/vessel/b3fd913a6-67ff-be7a-b7db-851a6d4545ea?&start=2026-03-01&end=2026-04-30"")"
"412421075",NA,FALSE,"84c14dc2c-c409-cbca-d694-f55fab531b97","XIN HAI 1273","BZW5L","CHN","fishing","fishing","412421075-84c14dc2c-c409-cbca-d694-f55fab531b97-019d3442b058",2026-03-28 11:44:39,"CHN","CHN-2289",4,33.5,0,11,12,"84c14dc2c-c409-cbca-d694-f55fab531b97",TRUE,TRUE,"=HYPERLINK(""https://globalfishingwatch.org/map/vessel/84c14dc2c-c409-cbca-d694-f55fab531b97?&start=2026-03-01&end=2026-04-30"")"
"412421076","8788062",FALSE,"26ed9cf93-3621-89ad-42a0-0506f802b1d9","XIN HAI 1235","BZW4L","CHN","fishing","fishing","412421076-26ed9cf93-3621-89ad-42a0-0506f802b1d9-019d437e8ba0",2026-03-31 10:44:20,"CHN","CHN-2289",4,30.54,0,15,19,"26ed9cf93-3621-89ad-42a0-0506f802b1d9",TRUE,TRUE,"=HYPERLINK(""https://globalfishingwatch.org/map/vessel/26ed9cf93-3621-89ad-42a0-0506f802b1d9?&start=2026-03-01&end=2026-04-30"")"
"412421139","9861110",FALSE,"2868d475c-cecb-3573-ad78-c9e9046a70d2","ZHOU YU 909","BZUL7","CHN","fishing","fishing","412421139-2868d475c-cecb-3573-ad78-c9e9046a70d2-019db4732410",2026-04-22 09:08:58,"CHN","ZHOUSHAN",4,8.58,0,0,0,"2868d475c-cecb-3573-ad78-c9e9046a70d2",TRUE,TRUE,"=HYPERLINK(""https://globalfishingwatch.org/map/vessel/2868d475c-cecb-3573-ad78-c9e9046a70d2?&start=2026-03-01&end=2026-04-30"")"
"412421146","9861122",FALSE,"80301ea4e-ea4e-4bb8-0f33-4ddc6fc2a19b","ZHOU YU 910","BZUL8","CHN","fishing","fishing","412421146-80301ea4e-ea4e-4bb8-0f33-4ddc6fc2a19b-019db450cb18",2026-04-22 08:31:27,"CHN","ZHOUSHAN",3,8.63,0,0,1,"80301ea4e-ea4e-4bb8-0f33-4ddc6fc2a19b",TRUE,TRUE,"=HYPERLINK(""https://globalfishingwatch.org/map/vessel/80301ea4e-ea4e-4bb8-0f33-4ddc6fc2a19b?&start=2026-03-01&end=2026-04-30"")"
"412440222",NA,FALSE,"836df9804-4063-a96f-f09c-b5a01769e02e","FU YUAN YU 666","BVKS8","CHN","fishing","fishing","412440222-836df9804-4063-a96f-f09c-b5a01769e02e-019d0ac23528",2026-03-20 10:19:53,"CHN","XIAMEN",4,41.54,0,14,31,"836df9804-4063-a96f-f09c-b5a01769e02e",TRUE,TRUE,"=HYPERLINK(""https://globalfishingwatch.org/map/vessel/836df9804-4063-a96f-f09c-b5a01769e02e?&start=2026-03-01&end=2026-04-30"")"
"412440223",NA,FALSE,"cda64ccbe-ebdf-66f9-a63d-0d7ad42a9fcf","FUYUANYU667","BVKT8","CHN","fishing","fishing","412440223-cda64ccbe-ebdf-66f9-a63d-0d7ad42a9fcf-019d0ad098c0",2026-03-20 10:35:36,"CHN","XIAMEN",4,41.54,0,8,14,"cda64ccbe-ebdf-66f9-a63d-0d7ad42a9fcf",TRUE,TRUE,"=HYPERLINK(""https://globalfishingwatch.org/map/vessel/cda64ccbe-ebdf-66f9-a63d-0d7ad42a9fcf?&start=2026-03-01&end=2026-04-30"")"
"412440241",NA,FALSE,"08fafdf59-9c44-d992-a56b-78856f72f38f","FUYUANYU658","BVKQ8","CHN","fishing","fishing","412440241-08fafdf59-9c44-d992-a56b-78856f72f38f-019d0adabe68",2026-03-20 10:46:41,"CHN","XIAMEN",4,41.54,0,11,37,"08fafdf59-9c44-d992-a56b-78856f72f38f",TRUE,TRUE,"=HYPERLINK(""https://globalfishingwatch.org/map/vessel/08fafdf59-9c44-d992-a56b-78856f72f38f?&start=2026-03-01&end=2026-04-30"")"
"412440242",NA,FALSE,"5fdb48d70-098e-1453-a586-e71d0e355ab4","FUYUANYU659","BVKR8","CHN","fishing","fishing","412440242-5fdb48d70-098e-1453-a586-e71d0e355ab4-019d0adfb3f0",2026-03-20 10:52:06,"CHN","XIAMEN",4,41.54,0,8,9,"5fdb48d70-098e-1453-a586-e71d0e355ab4",TRUE,TRUE,"=HYPERLINK(""https://globalfishingwatch.org/map/vessel/5fdb48d70-098e-1453-a586-e71d0e355ab4?&start=2026-03-01&end=2026-04-30"")"
"412440243",NA,FALSE,"475351415-52b9-41e4-6ef5-2c086ba727b9","FU YUAN YU601","BZU9E","CHN","fishing","fishing","412440243-475351415-52b9-41e4-6ef5-2c086ba727b9-019d951b9ca0",2026-04-16 07:05:08,"CHN","TAIZHOU",4,14.67,0,2,2,"475351415-52b9-41e4-6ef5-2c086ba727b9",TRUE,TRUE,"=HYPERLINK(""https://globalfishingwatch.org/map/vessel/475351415-52b9-41e4-6ef5-2c086ba727b9?&start=2026-03-01&end=2026-04-30"")"
"412440244",NA,FALSE,"0b87378d7-7612-bbb4-818b-2e57b9700d68","FUYUANYU602",NA,"CHN","fishing","fishing","412440244-0b87378d7-7612-bbb4-818b-2e57b9700d68-019cef36fbe0",2026-03-15 01:58:04,"CHN","TAIZHOU",4,46.92,0,0,0,"0b87378d7-7612-bbb4-818b-2e57b9700d68",TRUE,TRUE,"=HYPERLINK(""https://globalfishingwatch.org/map/vessel/0b87378d7-7612-bbb4-818b-2e57b9700d68?&start=2026-03-01&end=2026-04-30"")"
"412440244",NA,FALSE,"66bf0e2c2-2e2a-9739-c14b-bcae5af3be4e","FUYUANYU602","BZU1F","CHN","fishing","fishing","412440244-66bf0e2c2-2e2a-9739-c14b-bcae5af3be4e-019d94f5d8a8",2026-04-16 06:23:53,"CHN","TAIZHOU",4,14.71,0,0,2,"66bf0e2c2-2e2a-9739-c14b-bcae5af3be4e",TRUE,TRUE,"=HYPERLINK(""https://globalfishingwatch.org/map/vessel/66bf0e2c2-2e2a-9739-c14b-bcae5af3be4e?&start=2026-03-01&end=2026-04-30"")"
"412440245",NA,FALSE,"2be81bbb9-9450-371f-3b17-99a4b3e55b2f","FU YUAN YU 603","BZU2F","CHN","fishing","fishing","412440245-2be81bbb9-9450-371f-3b17-99a4b3e55b2f-019d95232268",2026-04-16 07:13:21,"CHN","TAIZHOU",4,14.67,0,0,1,"2be81bbb9-9450-371f-3b17-99a4b3e55b2f",TRUE,TRUE,"=HYPERLINK(""https://globalfishingwatch.org/map/vessel/2be81bbb9-9450-371f-3b17-99a4b3e55b2f?&start=2026-03-01&end=2026-04-30"")"
"412440246",NA,FALSE,"be8fb25b1-18ce-42a4-e6e3-3677b99109ce","FU YUAN YU 605","BZU3F","CHN","fishing","fishing","412440246-be8fb25b1-18ce-42a4-e6e3-3677b99109ce-019d94e7de88",2026-04-16 06:08:37,"CHN","TAIZHOU",4,14.71,0,0,1,"be8fb25b1-18ce-42a4-e6e3-3677b99109ce",TRUE,TRUE,"=HYPERLINK(""https://globalfishingwatch.org/map/vessel/be8fb25b1-18ce-42a4-e6e3-3677b99109ce?&start=2026-03-01&end=2026-04-30"")"
"412440247",NA,FALSE,"6c0bc52ba-a0b7-097e-3404-ae8c4d5c6e65","FUYUANYU606","BZU4F","CHN","fishing","fishing","412440247-6c0bc52ba-a0b7-097e-3404-ae8c4d5c6e65-019d94b1f1d8",2026-04-16 05:09:43,"CHN","TAIZHOU",4,14.75,0,0,1,"6c0bc52ba-a0b7-097e-3404-ae8c4d5c6e65",TRUE,TRUE,"=HYPERLINK(""https://globalfishingwatch.org/map/vessel/6c0bc52ba-a0b7-097e-3404-ae8c4d5c6e65?&start=2026-03-01&end=2026-04-30"")"
"412440248",NA,FALSE,"9cc54831d-df4e-ed0f-1e6c-2d8780fd8d8d","FUYUANYU607","BZU5F","CHN","fishing","fishing","412440248-9cc54831d-df4e-ed0f-1e6c-2d8780fd8d8d-019d950e1b98",2026-04-16 06:50:23,"CHN","TAIZHOU",4,14.71,0,1,2,"9cc54831d-df4e-ed0f-1e6c-2d8780fd8d8d",TRUE,TRUE,"=HYPERLINK(""https://globalfishingwatch.org/map/vessel/9cc54831d-df4e-ed0f-1e6c-2d8780fd8d8d?&start=2026-03-01&end=2026-04-30"")"
"412440249",NA,FALSE,"bcc78e717-7a8a-6ef6-7fc0-60bfeb354117","FU YUAN YU 608","BZU6F","CHN","fishing","fishing","412440249-bcc78e717-7a8a-6ef6-7fc0-60bfeb354117-019d95700218",2026-04-16 08:37:19,"CHN","TAIZHOU",4,14.63,0,0,0,"bcc78e717-7a8a-6ef6-7fc0-60bfeb354117",TRUE,TRUE,"=HYPERLINK(""https://globalfishingwatch.org/map/vessel/bcc78e717-7a8a-6ef6-7fc0-60bfeb354117?&start=2026-03-01&end=2026-04-30"")"
"412440251",NA,FALSE,"25e7e8e70-0863-6af1-8498-664429b65a01","FU YUAN YU609","BZU7F","CHN","fishing","fishing","412440251-25e7e8e70-0863-6af1-8498-664429b65a01-019d951c2940",2026-04-16 07:05:44,"CHN","TAIZHOU",4,14.67,0,2,1,"25e7e8e70-0863-6af1-8498-664429b65a01",TRUE,TRUE,"=HYPERLINK(""https://globalfishingwatch.org/map/vessel/25e7e8e70-0863-6af1-8498-664429b65a01?&start=2026-03-01&end=2026-04-30"")"
"412440253",NA,FALSE,"455d75750-084b-f8ee-58e8-74046e5fa78f","FU YUAN YU LENG 16","BZU4K","CHN","carrier","carrier","412440253-455d75750-084b-f8ee-58e8-74046e5fa78f-019daf31ae90",2026-04-21 08:39:22,"CHN","TAIZHOU",4,9.63,0,0,0,"455d75750-084b-f8ee-58e8-74046e5fa78f",TRUE,TRUE,"=HYPERLINK(""https://globalfishingwatch.org/map/vessel/455d75750-084b-f8ee-58e8-74046e5fa78f?&start=2026-03-01&end=2026-04-30"")"
"412440359","8548620",FALSE,"7072756f2-2ee0-9237-a7d0-847dad538a45","FU YUAN YU 689","BVLK5","CHN","fishing","fishing","412440359-7072756f2-2ee0-9237-a7d0-847dad538a45-019d42eefda0",2026-03-31 08:07:32,"CHN","SHIDAO",4,30.63,0,10,24,"7072756f2-2ee0-9237-a7d0-847dad538a45",TRUE,TRUE,"=HYPERLINK(""https://globalfishingwatch.org/map/vessel/7072756f2-2ee0-9237-a7d0-847dad538a45?&start=2026-03-01&end=2026-04-30"")"
"412440361","8548618",FALSE,"ca16a5ce7-7a83-62b2-2958-dbb621abee0a","FU YUAN YU 688","BVLJ5","CHN","fishing","fishing","412440361-ca16a5ce7-7a83-62b2-2958-dbb621abee0a-019d42f713f0",2026-03-31 08:16:22,"CHN","SHIDAO",4,30.63,0,11,26,"ca16a5ce7-7a83-62b2-2958-dbb621abee0a",TRUE,TRUE,"=HYPERLINK(""https://globalfishingwatch.org/map/vessel/ca16a5ce7-7a83-62b2-2958-dbb621abee0a?&start=2026-03-01&end=2026-04-30"")"
"412440362",NA,FALSE,"5c707be53-3863-6b85-b525-4880aa4a9bdc","FU YUAN YU 687","BVLI5","CHN","fishing","fishing","412440362-5c707be53-3863-6b85-b525-4880aa4a9bdc-019d42f33f78",2026-03-31 08:12:11,"CHN","SHIDAO",4,30.63,0,6,7,"5c707be53-3863-6b85-b525-4880aa4a9bdc",TRUE,TRUE,"=HYPERLINK(""https://globalfishingwatch.org/map/vessel/5c707be53-3863-6b85-b525-4880aa4a9bdc?&start=2026-03-01&end=2026-04-30"")"
"412440363","8548591",FALSE,"191c69aa2-20f4-5d84-bbef-1c413b341324","FU YUAN YU 686","BVLH5","CHN","fishing","fishing","412440363-191c69aa2-20f4-5d84-bbef-1c413b341324-019cffe41e50",2026-03-18 07:41:06,"CHN","SHIDAO",3,43.67,0,0,0,"191c69aa2-20f4-5d84-bbef-1c413b341324",TRUE,TRUE,"=HYPERLINK(""https://globalfishingwatch.org/map/vessel/191c69aa2-20f4-5d84-bbef-1c413b341324?&start=2026-03-01&end=2026-04-30"")"
"412440365","8548589",FALSE,"8be866c06-6e6e-0ba1-bbcd-ceec5ad3dfcd","FU YUAN YU 678","BVLA5","CHN","fishing","fishing","412440365-8be866c06-6e6e-0ba1-bbcd-ceec5ad3dfcd-019d42aa1118",2026-03-31 06:52:15,"CHN","SHIDAO",4,30.71,0,8,9,"8be866c06-6e6e-0ba1-bbcd-ceec5ad3dfcd",TRUE,TRUE,"=HYPERLINK(""https://globalfishingwatch.org/map/vessel/8be866c06-6e6e-0ba1-bbcd-ceec5ad3dfcd?&start=2026-03-01&end=2026-04-30"")"
"412440366","8548577",FALSE,"545cc2d7a-a5ca-3ab1-5478-233a979a7231","FUYUANYU677","BVKZ5","CHN","fishing","fishing","412440366-545cc2d7a-a5ca-3ab1-5478-233a979a7231-019d42a638b8",2026-03-31 06:48:03,"CHN","SHIDAO",4,30.71,0,10,19,"545cc2d7a-a5ca-3ab1-5478-233a979a7231",TRUE,TRUE,"=HYPERLINK(""https://globalfishingwatch.org/map/vessel/545cc2d7a-a5ca-3ab1-5478-233a979a7231?&start=2026-03-01&end=2026-04-30"")"
"412440367","8548565",FALSE,"7835cdf91-156a-c6c6-1fc7-dc42c0be56c1","FU YUAN YU 676","BVKY5","CHN","fishing","fishing","412440367-7835cdf91-156a-c6c6-1fc7-dc42c0be56c1-019d517f0888",2026-04-03 03:59:33,"KOR","BUSAN",4,27.83,0,12,21,"7835cdf91-156a-c6c6-1fc7-dc42c0be56c1",TRUE,TRUE,"=HYPERLINK(""https://globalfishingwatch.org/map/vessel/7835cdf91-156a-c6c6-1fc7-dc42c0be56c1?&start=2026-03-01&end=2026-04-30"")"
"412440368","8548553",FALSE,"c0445c69f-f037-d660-ffeb-fa65023d336f","FUYUANYU675","BVKX5","CHN","fishing","fishing","412440368-c0445c69f-f037-d660-ffeb-fa65023d336f-019d42a6e0b0",2026-03-31 06:48:46,"CHN","SHIDAO",4,30.71,0,14,30,"c0445c69f-f037-d660-ffeb-fa65023d336f",TRUE,TRUE,"=HYPERLINK(""https://globalfishingwatch.org/map/vessel/c0445c69f-f037-d660-ffeb-fa65023d336f?&start=2026-03-01&end=2026-04-30"")"
"412440369",NA,FALSE,"fc4632026-631b-c7dc-c212-bfea8d40662c","FUYUANYU673","BVKW5","CHN","fishing","fishing","412440369-fc4632026-631b-c7dc-c212-bfea8d40662c-019d42f08ff8",2026-03-31 08:09:15,"CHN","SHIDAO",4,30.63,0,10,6,"fc4632026-631b-c7dc-c212-bfea8d40662c",TRUE,TRUE,"=HYPERLINK(""https://globalfishingwatch.org/map/vessel/fc4632026-631b-c7dc-c212-bfea8d40662c?&start=2026-03-01&end=2026-04-30"")"
"412440371","8548539",FALSE,"7cc5eaf60-0ce6-c1e2-96d9-f15b2bce40a1","FU YUAN YU 672","BVKV5","CHN","fishing","fishing","412440371-7cc5eaf60-0ce6-c1e2-96d9-f15b2bce40a1-019d51423250",2026-04-03 02:53:06,"KOR","BUSAN",4,27.88,0,12,7,"7cc5eaf60-0ce6-c1e2-96d9-f15b2bce40a1",TRUE,TRUE,"=HYPERLINK(""https://globalfishingwatch.org/map/vessel/7cc5eaf60-0ce6-c1e2-96d9-f15b2bce40a1?&start=2026-03-01&end=2026-04-30"")"
"412440423",NA,FALSE,"dfbca3368-8926-3a4d-a28c-77d49a7c00f8","FUYUANYU079","BZU7V","CHN","fishing","fishing","412440423-dfbca3368-8926-3a4d-a28c-77d49a7c00f8-019d399d9978",2026-03-29 12:42:03,"KOR","BUSAN",4,32.46,0,6,20,"dfbca3368-8926-3a4d-a28c-77d49a7c00f8",TRUE,TRUE,"=HYPERLINK(""https://globalfishingwatch.org/map/vessel/dfbca3368-8926-3a4d-a28c-77d49a7c00f8?&start=2026-03-01&end=2026-04-30"")"
"412440424",NA,FALSE,"d30511ef0-08dc-470b-f969-5b5a1c1bbfe6","FUYUANYU083",NA,"CHN","fishing","inconclusive","412440424-d30511ef0-08dc-470b-f969-5b5a1c1bbfe6-019dc6e18e20",2026-04-25 23:02:44,"CHN","ZHANGZHOU",4,5,0,1,0,"d30511ef0-08dc-470b-f969-5b5a1c1bbfe6",TRUE,TRUE,"=HYPERLINK(""https://globalfishingwatch.org/map/vessel/d30511ef0-08dc-470b-f969-5b5a1c1bbfe6?&start=2026-03-01&end=2026-04-30"")"
"412440424",NA,FALSE,"92046dd2e-e1ea-0a9b-ccc5-12de25972fc2","FUYUANYU083","BZU8V","CHN","fishing","inconclusive","412440424-92046dd2e-e1ea-0a9b-ccc5-12de25972fc2-019cfbea7e98",2026-03-17 13:09:35,"CHN","XIAMEN",4,44.42,0,3,3,"92046dd2e-e1ea-0a9b-ccc5-12de25972fc2",TRUE,TRUE,"=HYPERLINK(""https://globalfishingwatch.org/map/vessel/92046dd2e-e1ea-0a9b-ccc5-12de25972fc2?&start=2026-03-01&end=2026-04-30"")"
"412440477",NA,FALSE,"b01e010be-ed85-a414-3147-592544988e3d","FU YUAN YU 080","BZUN6","CHN","fishing","fishing","412440477-b01e010be-ed85-a414-3147-592544988e3d-019d1ebeec10",2026-03-24 07:28:42,"CHN","SHIDAO",4,37.67,0,6,10,"b01e010be-ed85-a414-3147-592544988e3d",TRUE,TRUE,"=HYPERLINK(""https://globalfishingwatch.org/map/vessel/b01e010be-ed85-a414-3147-592544988e3d?&start=2026-03-01&end=2026-04-30"")"
"412440477",NA,FALSE,"b1c589e35-5514-9994-d8fb-abb0014dee6c",NA,"BZUN6","CHN","fishing","fishing","412440477-b1c589e35-5514-9994-d8fb-abb0014dee6c-019d0a5e27e0",2026-03-20 08:30:36,"CHN","SHIDAO",3,41.63,0,0,0,"b1c589e35-5514-9994-d8fb-abb0014dee6c",TRUE,TRUE,"=HYPERLINK(""https://globalfishingwatch.org/map/vessel/b1c589e35-5514-9994-d8fb-abb0014dee6c?&start=2026-03-01&end=2026-04-30"")"
"412440478",NA,FALSE,"087d7a1c4-484c-8bbd-b3d3-8e3262a76ead","FU YUAN YU 081","BZUN7","CHN","fishing","fishing","412440478-087d7a1c4-484c-8bbd-b3d3-8e3262a76ead-019cfbb4b128",2026-03-17 12:10:49,"CHN","XIAMEN",4,44.46,0,20,3,"087d7a1c4-484c-8bbd-b3d3-8e3262a76ead",TRUE,TRUE,"=HYPERLINK(""https://globalfishingwatch.org/map/vessel/087d7a1c4-484c-8bbd-b3d3-8e3262a76ead?&start=2026-03-01&end=2026-04-30"")"
"412440479",NA,FALSE,"beccb8ede-e39d-5a14-67fb-c9aa9b7e4135",NA,"BZUN8","CHN","fishing","fishing","412440479-beccb8ede-e39d-5a14-67fb-c9aa9b7e4135-019d070df340",2026-03-19 17:04:08,"CHN","SHIDAO",4,42.25,0,3,3,"beccb8ede-e39d-5a14-67fb-c9aa9b7e4135",TRUE,TRUE,"=HYPERLINK(""https://globalfishingwatch.org/map/vessel/beccb8ede-e39d-5a14-67fb-c9aa9b7e4135?&start=2026-03-01&end=2026-04-30"")"
"412440479",NA,FALSE,"ca2fc47ff-f386-c7f3-68ca-b2a26fc33e6e","FU YUAN YU 082","BZUN8","CHN","fishing","fishing","412440479-ca2fc47ff-f386-c7f3-68ca-b2a26fc33e6e-019d287d46c0",2026-03-26 04:53:12,"CHN","SHIDAO",4,35.79,0,0,5,"ca2fc47ff-f386-c7f3-68ca-b2a26fc33e6e",TRUE,TRUE,"=HYPERLINK(""https://globalfishingwatch.org/map/vessel/ca2fc47ff-f386-c7f3-68ca-b2a26fc33e6e?&start=2026-03-01&end=2026-04-30"")"
"412440481",NA,FALSE,"f49295b3f-f175-4245-326c-b938c817f4a6",NA,"BZUN9","CHN","fishing","fishing","412440481-f49295b3f-f175-4245-326c-b938c817f4a6-019d3057b6a0",2026-03-27 17:29:08,"CHN","QUANZHOU",4,34.25,0,5,7,"f49295b3f-f175-4245-326c-b938c817f4a6",TRUE,TRUE,"=HYPERLINK(""https://globalfishingwatch.org/map/vessel/f49295b3f-f175-4245-326c-b938c817f4a6?&start=2026-03-01&end=2026-04-30"")"
"412440481",NA,FALSE,"3a4f3f19a-ac08-9f7d-b36a-9a87f909d311","FUYUANYU085","BZUN9","CHN","fishing","fishing","412440481-3a4f3f19a-ac08-9f7d-b36a-9a87f909d311-019cfbb326a0",2026-03-17 12:09:08,"CHN","XIAMEN",4,44.46,0,2,3,"3a4f3f19a-ac08-9f7d-b36a-9a87f909d311",TRUE,TRUE,"=HYPERLINK(""https://globalfishingwatch.org/map/vessel/3a4f3f19a-ac08-9f7d-b36a-9a87f909d311?&start=2026-03-01&end=2026-04-30"")"
"412440482",NA,FALSE,"aff2c5c6e-eba7-e2ce-24a0-74487a26a9d5",NA,"BVGL8","CHN","fishing","fishing","412440482-aff2c5c6e-eba7-e2ce-24a0-74487a26a9d5-019d3ed5eb20",2026-03-30 13:01:40,"CHN","QUANZHOU",4,31.42,0,1,1,"aff2c5c6e-eba7-e2ce-24a0-74487a26a9d5",TRUE,TRUE,"=HYPERLINK(""https://globalfishingwatch.org/map/vessel/aff2c5c6e-eba7-e2ce-24a0-74487a26a9d5?&start=2026-03-01&end=2026-04-30"")"
"412440482",NA,FALSE,"47f692d02-20bb-3607-4104-99f666388b5c","FUYUANYU660","BVGL8","CHN","fishing","fishing","412440482-47f692d02-20bb-3607-4104-99f666388b5c-019d0aed0a00",2026-03-20 11:06:40,"CHN","ZHANGZHOU",4,41.5,0,0,2,"47f692d02-20bb-3607-4104-99f666388b5c",TRUE,TRUE,"=HYPERLINK(""https://globalfishingwatch.org/map/vessel/47f692d02-20bb-3607-4104-99f666388b5c?&start=2026-03-01&end=2026-04-30"")"
"412440483",NA,FALSE,"2af949e0c-c0f3-69f4-7774-39aba8f94788","FUYUANYU661","BVJI8","CHN","fishing","fishing","412440483-2af949e0c-c0f3-69f4-7774-39aba8f94788-019d0af28070",2026-03-20 11:12:38,"CHN","ZHANGZHOU",4,41.5,0,0,1,"2af949e0c-c0f3-69f4-7774-39aba8f94788",TRUE,TRUE,"=HYPERLINK(""https://globalfishingwatch.org/map/vessel/2af949e0c-c0f3-69f4-7774-39aba8f94788?&start=2026-03-01&end=2026-04-30"")"
"412440484",NA,FALSE,"0a51c1af7-7fcf-a948-6f31-95cc874c1bde","FUYUANYU662","BVJJ8","CHN","fishing","fishing","412440484-0a51c1af7-7fcf-a948-6f31-95cc874c1bde-019d0ad9d408",2026-03-20 10:45:41,"CHN","XIAMEN",4,41.54,0,16,31,"0a51c1af7-7fcf-a948-6f31-95cc874c1bde",TRUE,TRUE,"=HYPERLINK(""https://globalfishingwatch.org/map/vessel/0a51c1af7-7fcf-a948-6f31-95cc874c1bde?&start=2026-03-01&end=2026-04-30"")"
"412440485",NA,FALSE,"47703cd58-8f0a-9e83-7678-edb72494c4ca","FUYUANYU663","BVJK8","CHN","fishing","fishing","412440485-47703cd58-8f0a-9e83-7678-edb72494c4ca-019d0aca89f8",2026-03-20 10:28:59,"CHN","XIAMEN",4,41.54,0,13,17,"47703cd58-8f0a-9e83-7678-edb72494c4ca",TRUE,TRUE,"=HYPERLINK(""https://globalfishingwatch.org/map/vessel/47703cd58-8f0a-9e83-7678-edb72494c4ca?&start=2026-03-01&end=2026-04-30"")"
"412440486",NA,FALSE,"df47505c6-6e70-37da-1a42-1b8fa8844fb2","FUYUANYU664","BVJL8","CHN","fishing","fishing","412440486-df47505c6-6e70-37da-1a42-1b8fa8844fb2-019d0ac361f0",2026-03-20 10:21:10,"CHN","XIAMEN",4,41.54,0,12,8,"df47505c6-6e70-37da-1a42-1b8fa8844fb2",TRUE,TRUE,"=HYPERLINK(""https://globalfishingwatch.org/map/vessel/df47505c6-6e70-37da-1a42-1b8fa8844fb2?&start=2026-03-01&end=2026-04-30"")"
"412440487",NA,FALSE,"6daa20e27-7077-29ad-eb02-a64a4f7a77dc","FU YUAN YU 665",NA,"CHN","fishing","fishing","412440487-6daa20e27-7077-29ad-eb02-a64a4f7a77dc-019dc82996b0",2026-04-26 05:01:02,"CHN","QUANZHOU",4,4.75,0,1,0,"6daa20e27-7077-29ad-eb02-a64a4f7a77dc",TRUE,TRUE,"=HYPERLINK(""https://globalfishingwatch.org/map/vessel/6daa20e27-7077-29ad-eb02-a64a4f7a77dc?&start=2026-03-01&end=2026-04-30"")"
"412440487",NA,FALSE,"1945987e3-31f6-1277-a374-527afd864151","FUYUANYU665","BVJM8","CHN","fishing","fishing","412440487-1945987e3-31f6-1277-a374-527afd864151-019d0ad2ac00",2026-03-20 10:37:52,"CHN","XIAMEN",4,41.54,0,1,2,"1945987e3-31f6-1277-a374-527afd864151",TRUE,TRUE,"=HYPERLINK(""https://globalfishingwatch.org/map/vessel/1945987e3-31f6-1277-a374-527afd864151?&start=2026-03-01&end=2026-04-30"")"
"412440682",NA,FALSE,"18e4b68e7-797b-6278-fdc0-8a841478761e","FU YUAN YU 8674","BZUY4","CHN","fishing","fishing","412440682-18e4b68e7-797b-6278-fdc0-8a841478761e-019daf670ea0",2026-04-21 09:37:40,"CHN","NINGBO",4,9.58,0,0,0,"18e4b68e7-797b-6278-fdc0-8a841478761e",TRUE,TRUE,"=HYPERLINK(""https://globalfishingwatch.org/map/vessel/18e4b68e7-797b-6278-fdc0-8a841478761e?&start=2026-03-01&end=2026-04-30"")"
"412440685",NA,FALSE,"8a488af23-3445-c221-036c-f6e11818efc8","FU YUAN YU 8677","BZUY7","CHN","fishing","fishing","412440685-8a488af23-3445-c221-036c-f6e11818efc8-019daf82f728",2026-04-21 10:08:09,"CHN","NINGBO",4,9.54,0,1,0,"8a488af23-3445-c221-036c-f6e11818efc8",TRUE,TRUE,"=HYPERLINK(""https://globalfishingwatch.org/map/vessel/8a488af23-3445-c221-036c-f6e11818efc8?&start=2026-03-01&end=2026-04-30"")"
"412440697",NA,FALSE,"959b1d382-2363-06eb-df28-0111e97c99f8","FU YUAN YU8661","BZUW7","CHN","fishing","fishing","412440697-959b1d382-2363-06eb-df28-0111e97c99f8-019d8670d5f8",2026-04-13 10:43:55,"CHN","CHN-2289",4,17.54,0,6,14,"959b1d382-2363-06eb-df28-0111e97c99f8",TRUE,TRUE,"=HYPERLINK(""https://globalfishingwatch.org/map/vessel/959b1d382-2363-06eb-df28-0111e97c99f8?&start=2026-03-01&end=2026-04-30"")"
"412440807","9931006",FALSE,"fed0a376d-d79c-fdff-dacb-fc44204f578a","FU YUAN YU 7007","BZU1D","CHN","fishing","fishing","412440807-fed0a376d-d79c-fdff-dacb-fc44204f578a-019d3883ccd8",2026-03-29 07:34:15,"CHN","SHIDAO",4,32.67,0,24,27,"fed0a376d-d79c-fdff-dacb-fc44204f578a",TRUE,TRUE,"=HYPERLINK(""https://globalfishingwatch.org/map/vessel/fed0a376d-d79c-fdff-dacb-fc44204f578a?&start=2026-03-01&end=2026-04-30"")"
"412549057",NA,FALSE,"606c8f6a6-6645-037c-5b33-06ddc94b269c","ZHEPUYUANLENG7","BZV8S","CHN","carrier","carrier","412549057-606c8f6a6-6645-037c-5b33-06ddc94b269c-019d966f6118",2026-04-16 13:16:15,"CHN","HONGKONG",4,14.42,0,1,0,"606c8f6a6-6645-037c-5b33-06ddc94b269c",TRUE,TRUE,"=HYPERLINK(""https://globalfishingwatch.org/map/vessel/606c8f6a6-6645-037c-5b33-06ddc94b269c?&start=2026-03-01&end=2026-04-30"")"
"412549133",NA,FALSE,"71e26b0f7-7c79-c2ba-7708-9f7ce6358652","LURONGYUANYU301","BZZU4","CHN","fishing","fishing","412549133-71e26b0f7-7c79-c2ba-7708-9f7ce6358652-019d2db3eea0",2026-03-27 05:11:00,"CHN","SHIDAO",4,34.75,0,6,9,"71e26b0f7-7c79-c2ba-7708-9f7ce6358652",TRUE,TRUE,"=HYPERLINK(""https://globalfishingwatch.org/map/vessel/71e26b0f7-7c79-c2ba-7708-9f7ce6358652?&start=2026-03-01&end=2026-04-30"")"
"412549134",NA,FALSE,"118dfaede-e384-d872-5857-082339a5fdf8","LURONGYUANYU302","BZZU5","CHN","fishing","fishing","412549134-118dfaede-e384-d872-5857-082339a5fdf8-019d888258a8",2026-04-13 20:22:17,"CHN","SHIDAO",4,17.13,0,2,4,"118dfaede-e384-d872-5857-082339a5fdf8",TRUE,TRUE,"=HYPERLINK(""https://globalfishingwatch.org/map/vessel/118dfaede-e384-d872-5857-082339a5fdf8?&start=2026-03-01&end=2026-04-30"")"
"412549134",NA,FALSE,"3af16b887-7691-579a-1ff0-6de31816c9cb","LURONGYUANYU302","BBZU5","CHN","fishing","fishing","412549134-3af16b887-7691-579a-1ff0-6de31816c9cb-019d2dab76a8",2026-03-27 05:01:45,"CHN","SHIDAO",4,34.75,0,0,4,"3af16b887-7691-579a-1ff0-6de31816c9cb",TRUE,TRUE,"=HYPERLINK(""https://globalfishingwatch.org/map/vessel/3af16b887-7691-579a-1ff0-6de31816c9cb?&start=2026-03-01&end=2026-04-30"")"
"412549135",NA,FALSE,"733973421-17ee-8d5c-92b4-036314d53725","LU RONG YUAN YU 303","BZZU6","CHN","fishing","fishing","412549135-733973421-17ee-8d5c-92b4-036314d53725-019d2db30c10",2026-03-27 05:10:02,"CHN","SHIDAO",4,34.75,0,10,30,"733973421-17ee-8d5c-92b4-036314d53725",TRUE,TRUE,"=HYPERLINK(""https://globalfishingwatch.org/map/vessel/733973421-17ee-8d5c-92b4-036314d53725?&start=2026-03-01&end=2026-04-30"")"
"412549136",NA,FALSE,"e078fb4ba-ad2d-8882-597b-c4a994f06e20","LURONGYUANYU305","BZZU7","CHN","fishing","fishing","412549136-e078fb4ba-ad2d-8882-597b-c4a994f06e20-019d2db0c9f0",2026-03-27 05:07:34,"CHN","SHIDAO",4,34.75,0,3,9,"e078fb4ba-ad2d-8882-597b-c4a994f06e20",TRUE,TRUE,"=HYPERLINK(""https://globalfishingwatch.org/map/vessel/e078fb4ba-ad2d-8882-597b-c4a994f06e20?&start=2026-03-01&end=2026-04-30"")"
"412549137",NA,FALSE,"8a91a894c-c97e-d8b2-6845-fd34e48dc13f","LURONGYUANYU306","BZZU8","CHN","fishing","fishing","412549137-8a91a894c-c97e-d8b2-6845-fd34e48dc13f-019d2db1faa0",2026-03-27 05:08:52,"CHN","SHIDAO",4,34.75,0,5,8,"8a91a894c-c97e-d8b2-6845-fd34e48dc13f",TRUE,TRUE,"=HYPERLINK(""https://globalfishingwatch.org/map/vessel/8a91a894c-c97e-d8b2-6845-fd34e48dc13f?&start=2026-03-01&end=2026-04-30"")"
"412549138",NA,FALSE,"78c85d12e-e26c-d7c5-da14-04e3582b0804","LURONGYUANYU313","BZZU9","CHN","fishing","fishing","412549138-78c85d12e-e26c-d7c5-da14-04e3582b0804-019d2daa0778",2026-03-27 05:00:11,"CHN","SHIDAO",4,34.75,0,6,25,"78c85d12e-e26c-d7c5-da14-04e3582b0804",TRUE,TRUE,"=HYPERLINK(""https://globalfishingwatch.org/map/vessel/78c85d12e-e26c-d7c5-da14-04e3582b0804?&start=2026-03-01&end=2026-04-30"")"
"412549216","9900758",FALSE,"65e26ce2b-b7cd-d55e-138e-311b1ef1f887","FU YUAN YU8292","BZU6X","CHN","fishing","fishing","412549216-65e26ce2b-b7cd-d55e-138e-311b1ef1f887-019d3e737fd0",2026-03-30 11:14:10,"KOR","BUSAN",4,31.5,0,17,30,"65e26ce2b-b7cd-d55e-138e-311b1ef1f887",TRUE,TRUE,"=HYPERLINK(""https://globalfishingwatch.org/map/vessel/65e26ce2b-b7cd-d55e-138e-311b1ef1f887?&start=2026-03-01&end=2026-04-30"")"
"412549217","9900760",FALSE,"7c987bd3f-f44c-7b2c-c31b-f049dc208671","FU YUAN YU 8293","BZU7X","CHN","fishing","fishing","412549217-7c987bd3f-f44c-7b2c-c31b-f049dc208671-019d3e724b38",2026-03-30 11:12:51,"KOR","BUSAN",4,31.5,0,17,27,"7c987bd3f-f44c-7b2c-c31b-f049dc208671",TRUE,TRUE,"=HYPERLINK(""https://globalfishingwatch.org/map/vessel/7c987bd3f-f44c-7b2c-c31b-f049dc208671?&start=2026-03-01&end=2026-04-30"")"
"412549267",NA,FALSE,"782089adb-bba2-42c3-8377-b2a4794aa3df","XIN HAI 1258","BZW7S","CHN","fishing","fishing","412549267-782089adb-bba2-42c3-8377-b2a4794aa3df-019d7b7fb420",2026-04-11 07:44:20,"CHN","CHN-2307",4,19.67,0,8,2,"782089adb-bba2-42c3-8377-b2a4794aa3df",TRUE,TRUE,"=HYPERLINK(""https://globalfishingwatch.org/map/vessel/782089adb-bba2-42c3-8377-b2a4794aa3df?&start=2026-03-01&end=2026-04-30"")"
"412549363",NA,FALSE,"3dfc692ac-c232-93b7-79b7-63b69a1e49a2","FUYUANYU8635","BZ1VR","CHN","fishing","fishing","412549363-3dfc692ac-c232-93b7-79b7-63b69a1e49a2-019d7bb78530",2026-04-11 08:45:18,"CHN","CHN-2307",4,19.63,0,11,16,"3dfc692ac-c232-93b7-79b7-63b69a1e49a2",TRUE,TRUE,"=HYPERLINK(""https://globalfishingwatch.org/map/vessel/3dfc692ac-c232-93b7-79b7-63b69a1e49a2?&start=2026-03-01&end=2026-04-30"")"
"412549364",NA,FALSE,"7fe99c124-4fed-a373-a07a-3f85726e4bb7","FUYUANYU8636","BZ2VR","CHN","fishing","fishing","412549364-7fe99c124-4fed-a373-a07a-3f85726e4bb7-019d7bb39560",2026-04-11 08:41:00,"CHN","CHN-2307",4,19.63,0,9,13,"7fe99c124-4fed-a373-a07a-3f85726e4bb7",TRUE,TRUE,"=HYPERLINK(""https://globalfishingwatch.org/map/vessel/7fe99c124-4fed-a373-a07a-3f85726e4bb7?&start=2026-03-01&end=2026-04-30"")"
"412549366","9933731",FALSE,"d9bc7809f-f1ce-4fa1-82ed-2f6e434eaa17","FUYUANYU  8638","BZW6V","CHN","fishing","fishing","412549366-d9bc7809f-f1ce-4fa1-82ed-2f6e434eaa17-019d8fdd9dd8",2026-04-15 06:39:19,"CHN","NINGBO",4,15.71,0,8,6,"d9bc7809f-f1ce-4fa1-82ed-2f6e434eaa17",TRUE,TRUE,"=HYPERLINK(""https://globalfishingwatch.org/map/vessel/d9bc7809f-f1ce-4fa1-82ed-2f6e434eaa17?&start=2026-03-01&end=2026-04-30"")"
"412549367",NA,FALSE,"0fa812511-131a-c5e2-fc07-02ec71b41e54","FUYUANYU  8639","BZ5VH","CHN","fishing","fishing","412549367-0fa812511-131a-c5e2-fc07-02ec71b41e54-019d8685dcc8",2026-04-13 11:06:53,"CHN","CHN-2289",4,17.5,0,7,15,"0fa812511-131a-c5e2-fc07-02ec71b41e54",TRUE,TRUE,"=HYPERLINK(""https://globalfishingwatch.org/map/vessel/0fa812511-131a-c5e2-fc07-02ec71b41e54?&start=2026-03-01&end=2026-04-30"")"
"412549368",NA,FALSE,"36dc0d122-27d5-9365-db3f-a550776d8e2d","FUYUANYU  8640","BZ6VH","CHN","fishing","fishing","412549368-36dc0d122-27d5-9365-db3f-a550776d8e2d-019d868b2070",2026-04-13 11:12:38,"CHN","CHN-2289",4,17.5,0,7,15,"36dc0d122-27d5-9365-db3f-a550776d8e2d",TRUE,TRUE,"=HYPERLINK(""https://globalfishingwatch.org/map/vessel/36dc0d122-27d5-9365-db3f-a550776d8e2d?&start=2026-03-01&end=2026-04-30"")"
"412549369","9934539",FALSE,"6fc286d8c-ccab-6bf9-da38-b0730ead5b3c","FUYUANYU 8641","BZ7VX","CHN","fishing","fishing","412549369-6fc286d8c-ccab-6bf9-da38-b0730ead5b3c-019d867a9de0",2026-04-13 10:54:36,"CHN","CHN-2289",4,17.54,0,5,11,"6fc286d8c-ccab-6bf9-da38-b0730ead5b3c",TRUE,TRUE,"=HYPERLINK(""https://globalfishingwatch.org/map/vessel/6fc286d8c-ccab-6bf9-da38-b0730ead5b3c?&start=2026-03-01&end=2026-04-30"")"
"412549371",NA,FALSE,"fd3caead4-4745-dbc4-1130-0370911b8544","FUYUANYU  8642","BZ8VX","CHN","fishing","fishing","412549371-fd3caead4-4745-dbc4-1130-0370911b8544-019d8fdb2cd8",2026-04-15 06:36:39,"CHN","NINGBO",4,15.71,0,8,10,"fd3caead4-4745-dbc4-1130-0370911b8544",TRUE,TRUE,"=HYPERLINK(""https://globalfishingwatch.org/map/vessel/fd3caead4-4745-dbc4-1130-0370911b8544?&start=2026-03-01&end=2026-04-30"")"
"412549372",NA,FALSE,"170f4723b-b308-ae14-d821-759e7fc132d9","FUYUANYU 8643","BZ1VT","CHN","fishing","fishing","412549372-170f4723b-b308-ae14-d821-759e7fc132d9-019d8fea8e58",2026-04-15 06:53:27,"CHN","NINGBO",4,15.71,0,6,8,"170f4723b-b308-ae14-d821-759e7fc132d9",TRUE,TRUE,"=HYPERLINK(""https://globalfishingwatch.org/map/vessel/170f4723b-b308-ae14-d821-759e7fc132d9?&start=2026-03-01&end=2026-04-30"")"
"412549373",NA,FALSE,"6316db9af-f110-8d4d-b61b-4e43a6971bdd","FUYUANYU 8644","BZ3VX","CHN","fishing","fishing","412549373-6316db9af-f110-8d4d-b61b-4e43a6971bdd-019daf792f40",2026-04-21 09:57:28,"CHN","NINGBO",4,9.58,0,1,0,"6316db9af-f110-8d4d-b61b-4e43a6971bdd",TRUE,TRUE,"=HYPERLINK(""https://globalfishingwatch.org/map/vessel/6316db9af-f110-8d4d-b61b-4e43a6971bdd?&start=2026-03-01&end=2026-04-30"")"
"412549374",NA,FALSE,"6b6ffb4c6-6807-c452-0b7e-db9f171e3b61","FUYUANYU8645","BZW7V","CHN","fishing","fishing","412549374-6b6ffb4c6-6807-c452-0b7e-db9f171e3b61-019d8ffba940",2026-04-15 07:12:08,"CHN","NINGBO",4,15.67,0,8,10,"6b6ffb4c6-6807-c452-0b7e-db9f171e3b61",TRUE,TRUE,"=HYPERLINK(""https://globalfishingwatch.org/map/vessel/6b6ffb4c6-6807-c452-0b7e-db9f171e3b61?&start=2026-03-01&end=2026-04-30"")"
"412549375","9934589",FALSE,"f46f7a258-828a-8f8f-878e-845e99208dd3","FYUANYU 8646","BZ2VZ","CHN","fishing","fishing","412549375-f46f7a258-828a-8f8f-878e-845e99208dd3-019d8feeeb88",2026-04-15 06:58:13,"CHN","NINGBO",4,15.71,0,6,10,"f46f7a258-828a-8f8f-878e-845e99208dd3",TRUE,TRUE,"=HYPERLINK(""https://globalfishingwatch.org/map/vessel/f46f7a258-828a-8f8f-878e-845e99208dd3?&start=2026-03-01&end=2026-04-30"")"
"412549487","8573106",FALSE,"ab44b2173-3e08-51c7-30a6-5c80b493e68b","FU YUAN YU 8281","BZW1Z","CHN","fishing","fishing","412549487-ab44b2173-3e08-51c7-30a6-5c80b493e68b-019d76513a00",2026-04-10 07:35:28,"CHN","SHIDAO",4,20.67,0,13,15,"ab44b2173-3e08-51c7-30a6-5c80b493e68b",TRUE,TRUE,"=HYPERLINK(""https://globalfishingwatch.org/map/vessel/ab44b2173-3e08-51c7-30a6-5c80b493e68b?&start=2026-03-01&end=2026-04-30"")"
"412549488","8573118",FALSE,"1ab4dabcf-fd7e-f79d-10d0-8aa19023ca7a","FU YUAN YU 8282","BZW2Z","CHN","fishing","fishing","412549488-1ab4dabcf-fd7e-f79d-10d0-8aa19023ca7a-019d764c7740",2026-04-10 07:30:16,"CHN","SHIDAO",4,20.67,0,9,14,"1ab4dabcf-fd7e-f79d-10d0-8aa19023ca7a",TRUE,TRUE,"=HYPERLINK(""https://globalfishingwatch.org/map/vessel/1ab4dabcf-fd7e-f79d-10d0-8aa19023ca7a?&start=2026-03-01&end=2026-04-30"")"
"412549489","8573120",FALSE,"fafef5664-44b7-e789-5a28-82b1434f965a","FUYUANYU8283","BZW3Z","CHN","fishing","fishing","412549489-fafef5664-44b7-e789-5a28-82b1434f965a-019d7655ba58",2026-04-10 07:40:23,"CHN","SHIDAO",4,20.67,0,12,17,"fafef5664-44b7-e789-5a28-82b1434f965a",TRUE,TRUE,"=HYPERLINK(""https://globalfishingwatch.org/map/vessel/fafef5664-44b7-e789-5a28-82b1434f965a?&start=2026-03-01&end=2026-04-30"")"
"412549491","8573132",FALSE,"a55283248-86c3-36a8-0318-47c65a29aef0","FU YUAN YU 8285","BZW5Z","CHN","fishing","fishing","412549491-a55283248-86c3-36a8-0318-47c65a29aef0-019d809f3250",2026-04-12 07:36:50,"KOR","BUSAN",4,18.67,0,10,14,"a55283248-86c3-36a8-0318-47c65a29aef0",TRUE,TRUE,"=HYPERLINK(""https://globalfishingwatch.org/map/vessel/a55283248-86c3-36a8-0318-47c65a29aef0?&start=2026-03-01&end=2026-04-30"")"
"412549492","8573144",FALSE,"dcdffe911-16aa-73f8-7587-25af5e914589","FUYUANYU8286","BZW6Z","CHN","fishing","fishing","412549492-dcdffe911-16aa-73f8-7587-25af5e914589-019d809c1570",2026-04-12 07:33:26,"KOR","BUSAN",4,18.67,0,11,16,"dcdffe911-16aa-73f8-7587-25af5e914589",TRUE,TRUE,"=HYPERLINK(""https://globalfishingwatch.org/map/vessel/dcdffe911-16aa-73f8-7587-25af5e914589?&start=2026-03-01&end=2026-04-30"")"
"412549493","8573156",FALSE,"2d2b850bf-f0b7-e902-2ca4-3d0725dfd404","FU YUAN YU 8287","BZW7Z","CHN","fishing","fishing","412549493-2d2b850bf-f0b7-e902-2ca4-3d0725dfd404-019d80990c18",2026-04-12 07:30:07,"KOR","BUSAN",4,18.67,0,11,17,"2d2b850bf-f0b7-e902-2ca4-3d0725dfd404",TRUE,TRUE,"=HYPERLINK(""https://globalfishingwatch.org/map/vessel/2d2b850bf-f0b7-e902-2ca4-3d0725dfd404?&start=2026-03-01&end=2026-04-30"")"
"412549495","8573168",FALSE,"5f0bb5ac3-3daf-f758-010a-d3e10b2c2ba5","FUYUANYU8288","BZW8Z","CHN","fishing","fishing","412549495-5f0bb5ac3-3daf-f758-010a-d3e10b2c2ba5-019d76524b70",2026-04-10 07:36:38,"CHN","SHIDAO",4,20.67,0,7,14,"5f0bb5ac3-3daf-f758-010a-d3e10b2c2ba5",TRUE,TRUE,"=HYPERLINK(""https://globalfishingwatch.org/map/vessel/5f0bb5ac3-3daf-f758-010a-d3e10b2c2ba5?&start=2026-03-01&end=2026-04-30"")"
"412549496","8573170",FALSE,"b03025fa9-98c5-323b-8273-81da1edeb5f6","FUYUANYU8289","BZW9Z","CHN","fishing","fishing","412549496-b03025fa9-98c5-323b-8273-81da1edeb5f6-019d764c9298",2026-04-10 07:30:23,"CHN","SHIDAO",4,20.67,0,10,16,"b03025fa9-98c5-323b-8273-81da1edeb5f6",TRUE,TRUE,"=HYPERLINK(""https://globalfishingwatch.org/map/vessel/b03025fa9-98c5-323b-8273-81da1edeb5f6?&start=2026-03-01&end=2026-04-30"")"
"412549497","9929156",FALSE,"26876cd96-6cfa-b355-a348-63995ebf558f","FUYUANYU8290","BZW4Z","CHN","fishing","fishing","412549497-26876cd96-6cfa-b355-a348-63995ebf558f-019d346a6080",2026-03-28 12:28:00,"CHN","SHIDAO",4,33.46,0,11,7,"26876cd96-6cfa-b355-a348-63995ebf558f",TRUE,TRUE,"=HYPERLINK(""https://globalfishingwatch.org/map/vessel/26876cd96-6cfa-b355-a348-63995ebf558f?&start=2026-03-01&end=2026-04-30"")"
"412549498","9929168",FALSE,"f1b303084-4fd6-4063-f4f2-3340564bc307","FUYUANYU8291","BZW1X","CHN","fishing","fishing","412549498-f1b303084-4fd6-4063-f4f2-3340564bc307-019d3e6e3c28",2026-03-30 11:08:25,"KOR","BUSAN",4,31.5,0,21,31,"f1b303084-4fd6-4063-f4f2-3340564bc307",TRUE,TRUE,"=HYPERLINK(""https://globalfishingwatch.org/map/vessel/f1b303084-4fd6-4063-f4f2-3340564bc307?&start=2026-03-01&end=2026-04-30"")"
"412549507","9930997",FALSE,"38e7e78e4-46ea-a1c3-fd49-72cd64140842","FU YUAN YU 7008","BZU2D","CHN","fishing","fishing","412549507-38e7e78e4-46ea-a1c3-fd49-72cd64140842-019d3bdc46a8",2026-03-29 23:09:45,"CHN","SHIDAO",4,32,0,24,25,"38e7e78e4-46ea-a1c3-fd49-72cd64140842",TRUE,TRUE,"=HYPERLINK(""https://globalfishingwatch.org/map/vessel/38e7e78e4-46ea-a1c3-fd49-72cd64140842?&start=2026-03-01&end=2026-04-30"")"
"412549508","9930868",FALSE,"2ffd83caf-f9a5-24d6-5aef-859090b2c5c2","FU YUAN YU 7009","BZU3D","CHN","fishing","fishing","412549508-2ffd83caf-f9a5-24d6-5aef-859090b2c5c2-019d388ba890",2026-03-29 07:42:50,"CHN","SHIDAO",4,32.67,0,22,25,"2ffd83caf-f9a5-24d6-5aef-859090b2c5c2",TRUE,TRUE,"=HYPERLINK(""https://globalfishingwatch.org/map/vessel/2ffd83caf-f9a5-24d6-5aef-859090b2c5c2?&start=2026-03-01&end=2026-04-30"")"
"412549509","9930870",FALSE,"669489d81-1c77-0e31-7b1e-41069a47ab3e","FU YUAN YU 7010","BZU4D","CHN","fishing","fishing","412549509-669489d81-1c77-0e31-7b1e-41069a47ab3e-019d3892d098",2026-03-29 07:50:39,"CHN","SHIDAO",4,32.67,0,22,30,"669489d81-1c77-0e31-7b1e-41069a47ab3e",TRUE,TRUE,"=HYPERLINK(""https://globalfishingwatch.org/map/vessel/669489d81-1c77-0e31-7b1e-41069a47ab3e?&start=2026-03-01&end=2026-04-30"")"
"412549511","9930882",FALSE,"4cf88a58e-ea57-81fb-1df7-bf9bb0c23453","FU YUAN YU 7011","BZU5D","CHN","fishing","fishing","412549511-4cf88a58e-ea57-81fb-1df7-bf9bb0c23453-019d388cbde8",2026-03-29 07:44:01,"CHN","SHIDAO",4,32.67,0,22,28,"4cf88a58e-ea57-81fb-1df7-bf9bb0c23453",TRUE,TRUE,"=HYPERLINK(""https://globalfishingwatch.org/map/vessel/4cf88a58e-ea57-81fb-1df7-bf9bb0c23453?&start=2026-03-01&end=2026-04-30"")"
"412549512","9930894",FALSE,"e926d3ad6-6ace-207a-0c55-1d6dabeb28ad","FU YUAN YU 7012","BZU6D","CHN","fishing","fishing","412549512-e926d3ad6-6ace-207a-0c55-1d6dabeb28ad-019d389086a8",2026-03-29 07:48:09,"CHN","SHIDAO",4,32.67,0,22,26,"e926d3ad6-6ace-207a-0c55-1d6dabeb28ad",TRUE,TRUE,"=HYPERLINK(""https://globalfishingwatch.org/map/vessel/e926d3ad6-6ace-207a-0c55-1d6dabeb28ad?&start=2026-03-01&end=2026-04-30"")"
"412549569","1033274",FALSE,"12c7004e3-346b-f730-d6e6-3cc53296b4ba","ZHOU YU 961","BZYW","CHN","fishing","fishing","412549569-12c7004e3-346b-f730-d6e6-3cc53296b4ba-019db4230c28",2026-04-22 07:41:29,"CHN","ZHOUSHAN",4,8.67,0,0,0,"12c7004e3-346b-f730-d6e6-3cc53296b4ba",TRUE,TRUE,"=HYPERLINK(""https://globalfishingwatch.org/map/vessel/12c7004e3-346b-f730-d6e6-3cc53296b4ba?&start=2026-03-01&end=2026-04-30"")"
"412549571","1033315",FALSE,"1e239f330-0430-689a-6d1a-dcb022de003a","ZHOU YU 962","BZYJ","CHN","fishing","squid_jigger","412549571-1e239f330-0430-689a-6d1a-dcb022de003a-019db4280d68",2026-04-22 07:46:57,"CHN","ZHOUSHAN",4,8.67,0,0,0,"1e239f330-0430-689a-6d1a-dcb022de003a",TRUE,TRUE,"=HYPERLINK(""https://globalfishingwatch.org/map/vessel/1e239f330-0430-689a-6d1a-dcb022de003a?&start=2026-03-01&end=2026-04-30"")"
"412549572","1033327",FALSE,"81ab1db66-606a-c22b-11c3-2929172bf9ab","ZHOU YU 965","BZZG5","CHN","fishing","fishing","412549572-81ab1db66-606a-c22b-11c3-2929172bf9ab-019db420b680",2026-04-22 07:38:56,"CHN","ZHOUSHAN",4,8.67,0,0,0,"81ab1db66-606a-c22b-11c3-2929172bf9ab",TRUE,TRUE,"=HYPERLINK(""https://globalfishingwatch.org/map/vessel/81ab1db66-606a-c22b-11c3-2929172bf9ab?&start=2026-03-01&end=2026-04-30"")"
"412549573","1033212",FALSE,"646547279-9d22-cf21-46f5-2aa1cfe15e79","ZHOU YU 960","BZSD","CHN","fishing","fishing","412549573-646547279-9d22-cf21-46f5-2aa1cfe15e79-019db4251b80",2026-04-22 07:43:44,"CHN","ZHOUSHAN",4,8.67,0,0,0,"646547279-9d22-cf21-46f5-2aa1cfe15e79",TRUE,TRUE,"=HYPERLINK(""https://globalfishingwatch.org/map/vessel/646547279-9d22-cf21-46f5-2aa1cfe15e79?&start=2026-03-01&end=2026-04-30"")"
"412549575","1033339",FALSE,"1370d428f-f8ca-9b7d-305d-cbfc4e4b6a08","ZHOU YU 966","BZZG6","CHN","fishing","fishing","412549575-1370d428f-f8ca-9b7d-305d-cbfc4e4b6a08-019db41ef930",2026-04-22 07:37:02,"CHN","ZHOUSHAN",4,8.67,0,0,0,"1370d428f-f8ca-9b7d-305d-cbfc4e4b6a08",TRUE,TRUE,"=HYPERLINK(""https://globalfishingwatch.org/map/vessel/1370d428f-f8ca-9b7d-305d-cbfc4e4b6a08?&start=2026-03-01&end=2026-04-30"")"
"412549576","1033341",FALSE,"df3721930-0f82-a984-06b5-8af92e5f8114","ZHOU YU 967","BZZG7","CHN","fishing","fishing","412549576-df3721930-0f82-a984-06b5-8af92e5f8114-019db419adb8",2026-04-22 07:31:15,"CHN","ZHOUSHAN",4,8.67,0,0,2,"df3721930-0f82-a984-06b5-8af92e5f8114",TRUE,TRUE,"=HYPERLINK(""https://globalfishingwatch.org/map/vessel/df3721930-0f82-a984-06b5-8af92e5f8114?&start=2026-03-01&end=2026-04-30"")"
"412549577","1033353",FALSE,"42f567cf2-2324-6ba1-ab5f-3a8fae34e330","ZHOUYU968","BZZG8","CHN","fishing","fishing","412549577-42f567cf2-2324-6ba1-ab5f-3a8fae34e330-019db45e57d8",2026-04-22 08:46:15,"CHN","ZHOUSHAN",4,8.63,0,0,0,"42f567cf2-2324-6ba1-ab5f-3a8fae34e330",TRUE,TRUE,"=HYPERLINK(""https://globalfishingwatch.org/map/vessel/42f567cf2-2324-6ba1-ab5f-3a8fae34e330?&start=2026-03-01&end=2026-04-30"")"
"412549597","1046398",FALSE,"47223ae45-5a3a-a9e2-6b02-5a9e5027202e","ZHOU YU 935","BZVF5","CHN","fishing","fishing","412549597-47223ae45-5a3a-a9e2-6b02-5a9e5027202e-019d8b19c0b0",2026-04-14 08:26:54,"CHN","ZHOUSHAN",4,16.63,0,3,3,"47223ae45-5a3a-a9e2-6b02-5a9e5027202e",TRUE,TRUE,"=HYPERLINK(""https://globalfishingwatch.org/map/vessel/47223ae45-5a3a-a9e2-6b02-5a9e5027202e?&start=2026-03-01&end=2026-04-30"")"
"412549598","1046477",FALSE,"3fea25309-991e-f480-8765-bd49fbdd1382","ZHOU YU 936","BZVF6","CHN","fishing","fishing","412549598-3fea25309-991e-f480-8765-bd49fbdd1382-019d8b04b210",2026-04-14 08:03:54,"CHN","ZHOUSHAN",4,16.63,0,4,6,"3fea25309-991e-f480-8765-bd49fbdd1382",TRUE,TRUE,"=HYPERLINK(""https://globalfishingwatch.org/map/vessel/3fea25309-991e-f480-8765-bd49fbdd1382?&start=2026-03-01&end=2026-04-30"")"
"412549599","1046520",FALSE,"aab370ce6-656c-8836-d642-6e65a2503a2b","ZHOU YU 937","BZVF7","CHN","fishing","fishing","412549599-aab370ce6-656c-8836-d642-6e65a2503a2b-019db4389f98",2026-04-22 08:05:03,"CHN","ZHOUSHAN",4,8.63,0,0,0,"aab370ce6-656c-8836-d642-6e65a2503a2b",TRUE,TRUE,"=HYPERLINK(""https://globalfishingwatch.org/map/vessel/aab370ce6-656c-8836-d642-6e65a2503a2b?&start=2026-03-01&end=2026-04-30"")"
"412549601","1046532",FALSE,"55a6ab640-0147-536b-157b-3b7586c1916f","ZHOUYU938","BZVF8","CHN","fishing","fishing","412549601-55a6ab640-0147-536b-157b-3b7586c1916f-019db45130a8",2026-04-22 08:31:53,"CHN","ZHOUSHAN",4,8.63,0,0,1,"55a6ab640-0147-536b-157b-3b7586c1916f",TRUE,TRUE,"=HYPERLINK(""https://globalfishingwatch.org/map/vessel/55a6ab640-0147-536b-157b-3b7586c1916f?&start=2026-03-01&end=2026-04-30"")"
"412549671","1103574",FALSE,"aea700663-3908-b61f-72e7-58522264c30f","ZHOU YU 939","BKUL","CHN","fishing","fishing","412549671-aea700663-3908-b61f-72e7-58522264c30f-019db44b8388",2026-04-22 08:25:41,"CHN","ZHOUSHAN",4,8.63,0,0,1,"aea700663-3908-b61f-72e7-58522264c30f",TRUE,TRUE,"=HYPERLINK(""https://globalfishingwatch.org/map/vessel/aea700663-3908-b61f-72e7-58522264c30f?&start=2026-03-01&end=2026-04-30"")"
"412549672","1103586",FALSE,"99ad078e4-4d51-70c7-d630-a8e72b0f6c9c","ZHOU YU 940","BKUM","CHN","fishing","fishing","412549672-99ad078e4-4d51-70c7-d630-a8e72b0f6c9c-019db4187150",2026-04-22 07:29:54,"CHN","ZHOUSHAN",3,8.67,0,0,3,"99ad078e4-4d51-70c7-d630-a8e72b0f6c9c",TRUE,TRUE,"=HYPERLINK(""https://globalfishingwatch.org/map/vessel/99ad078e4-4d51-70c7-d630-a8e72b0f6c9c?&start=2026-03-01&end=2026-04-30"")"
"412549673","1103603",FALSE,"9c4795097-7e65-37aa-4fd7-4dc291d7e1a8","ZHOU YU 951","BKUM2","CHN","fishing","fishing","412549673-9c4795097-7e65-37aa-4fd7-4dc291d7e1a8-019d8b0d6c70",2026-04-14 08:13:26,"CHN","ZHOUSHAN",4,16.63,0,2,4,"9c4795097-7e65-37aa-4fd7-4dc291d7e1a8",TRUE,TRUE,"=HYPERLINK(""https://globalfishingwatch.org/map/vessel/9c4795097-7e65-37aa-4fd7-4dc291d7e1a8?&start=2026-03-01&end=2026-04-30"")"
"412549675","1103641",FALSE,"1386c106c-c64a-d944-a8ea-9a5e5386c106","ZHOU YU 952","BKWI","CHN","fishing","fishing","412549675-1386c106c-c64a-d944-a8ea-9a5e5386c106-019d8b2a52e0",2026-04-14 08:45:00,"CHN","ZHOUSHAN",4,16.63,0,3,3,"1386c106c-c64a-d944-a8ea-9a5e5386c106",TRUE,TRUE,"=HYPERLINK(""https://globalfishingwatch.org/map/vessel/1386c106c-c64a-d944-a8ea-9a5e5386c106?&start=2026-03-01&end=2026-04-30"")"
"412549676","1103706",FALSE,"218275b40-0880-d8cb-7e13-bfbe583dab5f","ZHOU YU 953","BKWI2","CHN","fishing","fishing","412549676-218275b40-0880-d8cb-7e13-bfbe583dab5f-019d8b0e2bd8",2026-04-14 08:14:15,"CHN","ZHOUSHAN",4,16.63,0,2,13,"218275b40-0880-d8cb-7e13-bfbe583dab5f",TRUE,TRUE,"=HYPERLINK(""https://globalfishingwatch.org/map/vessel/218275b40-0880-d8cb-7e13-bfbe583dab5f?&start=2026-03-01&end=2026-04-30"")"
"412672140","9983982",FALSE,"243db9adc-cd05-6ec7-ba95-dbeb513ef919","ZHOU YU 932","BKWM2","CHN","fishing","fishing","412672140-243db9adc-cd05-6ec7-ba95-dbeb513ef919-019d8b22d100",2026-04-14 08:36:48,"CHN","ZHOUSHAN",4,16.63,0,4,5,"243db9adc-cd05-6ec7-ba95-dbeb513ef919",TRUE,TRUE,"=HYPERLINK(""https://globalfishingwatch.org/map/vessel/243db9adc-cd05-6ec7-ba95-dbeb513ef919?&start=2026-03-01&end=2026-04-30"")"
"412672150","9983970",FALSE,"91ef3b46e-e39c-faf2-2434-ce77654a5183","ZHOU YU 931","BKWM","CHN","fishing","fishing","412672150-91ef3b46e-e39c-faf2-2434-ce77654a5183-019dc6f3be60",2026-04-25 23:22:36,"CHN","ZHOUSHAN",4,5,0,0,0,"91ef3b46e-e39c-faf2-2434-ce77654a5183",TRUE,TRUE,"=HYPERLINK(""https://globalfishingwatch.org/map/vessel/91ef3b46e-e39c-faf2-2434-ce77654a5183?&start=2026-03-01&end=2026-04-30"")"
"413548140","9995131",FALSE,"6989ecea7-72e6-a4c7-b952-75e6c031481a","NING FENG LENG 1","BPIX8","CHN","carrier","carrier","413548140-6989ecea7-72e6-a4c7-b952-75e6c031481a-019db96f91b0",2026-04-23 08:23:10,"CHN","ZHOUSHAN",4,7.63,0,1,0,"6989ecea7-72e6-a4c7-b952-75e6c031481a",TRUE,TRUE,"=HYPERLINK(""https://globalfishingwatch.org/map/vessel/6989ecea7-72e6-a4c7-b952-75e6c031481a?&start=2026-03-01&end=2026-04-30"")"
"413607450","1046386",FALSE,"6cdb69dd5-5f95-b657-df22-44790ad4fbe8","NING FENG LENG 6","BPXB2","CHN","carrier","carrier","413607450-6cdb69dd5-5f95-b657-df22-44790ad4fbe8-019d335de220",2026-03-28 07:34:44,"CHN","ZHOUSHAN",4,33.67,13,14,0,"6cdb69dd5-5f95-b657-df22-44790ad4fbe8",TRUE,TRUE,"=HYPERLINK(""https://globalfishingwatch.org/map/vessel/6cdb69dd5-5f95-b657-df22-44790ad4fbe8?&start=2026-03-01&end=2026-04-30"")"
"413881868",NA,FALSE,"41a862af8-8cd8-65ef-37e3-81890a294bc4","MIN JIANG 6 HAO",NA,"CHN","fishing","trawlers","413881868-41a862af8-8cd8-65ef-37e3-81890a294bc4-019dd663c908",2026-04-28 23:19:17,"CHN","CHN-856",4,2,0,0,0,"41a862af8-8cd8-65ef-37e3-81890a294bc4",TRUE,TRUE,"=HYPERLINK(""https://globalfishingwatch.org/map/vessel/41a862af8-8cd8-65ef-37e3-81890a294bc4?&start=2026-03-01&end=2026-04-30"")"
"416000013",NA,FALSE,"44229c77c-c5a9-f6da-fe00-1181c21c9cd3","HORNG YIH FWU NO268","BJ4593","TWN","fishing","drifting_longlines","416000013-44229c77c-c5a9-f6da-fe00-1181c21c9cd3-019cff1b2130",2026-03-18 04:01:34,"TWN","SUAO",4,43.79,0,23,39,"44229c77c-c5a9-f6da-fe00-1181c21c9cd3",TRUE,TRUE,"=HYPERLINK(""https://globalfishingwatch.org/map/vessel/44229c77c-c5a9-f6da-fe00-1181c21c9cd3?&start=2026-03-01&end=2026-04-30"")"
"416000141",NA,FALSE,"c04309ae4-4ae9-3453-5220-6978d617c866","HORNG YIH FWU NO.168","BJ4551","TWN","fishing","drifting_longlines","416000141-c04309ae4-4ae9-3453-5220-6978d617c866-019d7621d918",2026-04-10 06:43:43,"TWN","SUAO",4,20.71,0,14,6,"c04309ae4-4ae9-3453-5220-6978d617c866",TRUE,TRUE,"=HYPERLINK(""https://globalfishingwatch.org/map/vessel/c04309ae4-4ae9-3453-5220-6978d617c866?&start=2026-03-01&end=2026-04-30"")"
"416000146",NA,FALSE,"100e66e4e-e7e2-d1c4-ec33-5f736f68d5a0","YONG YU SING NO.18","BJ4678","TWN","fishing","drifting_longlines","416000146-100e66e4e-e7e2-d1c4-ec33-5f736f68d5a0-019d67033a30",2026-04-07 08:15:58,"TWN","SUAO",4,23.63,0,5,12,"100e66e4e-e7e2-d1c4-ec33-5f736f68d5a0",TRUE,TRUE,"=HYPERLINK(""https://globalfishingwatch.org/map/vessel/100e66e4e-e7e2-d1c4-ec33-5f736f68d5a0?&start=2026-03-01&end=2026-04-30"")"
"416000212",NA,FALSE,"63e0d0a3a-a016-a7a9-28a9-cc606062f396","JIA YU FA","BJ4606","TWN","fishing","drifting_longlines","416000212-63e0d0a3a-a016-a7a9-28a9-cc606062f396-019cacbef268",2026-03-02 04:12:01,"TWN","DONGGANG",4,59.79,0,43,102,"63e0d0a3a-a016-a7a9-28a9-cc606062f396",TRUE,TRUE,"=HYPERLINK(""https://globalfishingwatch.org/map/vessel/63e0d0a3a-a016-a7a9-28a9-cc606062f396?&start=2026-03-01&end=2026-04-30"")"
"416000292",NA,FALSE,"de237eb1c-ce69-cb9a-263c-d43484ae09f1","JINYI88","HOLINE","TWN","fishing","drifting_longlines","416000292-de237eb1c-ce69-cb9a-263c-d43484ae09f1-019cfecd3fb0",2026-03-18 02:36:30,"TWN","KAOHSIUNG",4,43.88,0,4,6,"de237eb1c-ce69-cb9a-263c-d43484ae09f1",TRUE,TRUE,"=HYPERLINK(""https://globalfishingwatch.org/map/vessel/de237eb1c-ce69-cb9a-263c-d43484ae09f1?&start=2026-03-01&end=2026-04-30"")"
"416000405",NA,FALSE,"374bda40a-a269-222f-e6d1-600f3621a4cd","JIN CHINQ FUH NO 62","BJ3930","TWN","fishing","drifting_longlines","416000405-374bda40a-a269-222f-e6d1-600f3621a4cd-019d14a6a9c0",2026-03-22 08:26:00,"TWN","SUAO",4,39.63,1,28,47,"374bda40a-a269-222f-e6d1-600f3621a4cd",TRUE,TRUE,"=HYPERLINK(""https://globalfishingwatch.org/map/vessel/374bda40a-a269-222f-e6d1-600f3621a4cd?&start=2026-03-01&end=2026-04-30"")"
"416000411",NA,FALSE,"464556050-0266-1951-9d98-5262674714fc","HORNG YIH FWU NO368","BJ4693","TWN","fishing","drifting_longlines","416000411-464556050-0266-1951-9d98-5262674714fc-019d65e3f338",2026-04-07 03:02:11,"TWN","SUAO",4,23.83,0,3,8,"464556050-0266-1951-9d98-5262674714fc",TRUE,TRUE,"=HYPERLINK(""https://globalfishingwatch.org/map/vessel/464556050-0266-1951-9d98-5262674714fc?&start=2026-03-01&end=2026-04-30"")"
"416000594",NA,FALSE,"caecea261-1d58-506c-d16a-ff1b3fa59851","SHENG YU NO36","BJ4410","TWN","fishing","drifting_longlines","416000594-caecea261-1d58-506c-d16a-ff1b3fa59851-019cb425b118",2026-03-03 14:41:35,"TWN","DONGGANG",4,58.38,0,57,69,"caecea261-1d58-506c-d16a-ff1b3fa59851",TRUE,TRUE,"=HYPERLINK(""https://globalfishingwatch.org/map/vessel/caecea261-1d58-506c-d16a-ff1b3fa59851?&start=2026-03-01&end=2026-04-30"")"
"416000855",NA,FALSE,"17be01f10-032c-7c09-55ac-5e6cd75d1f7b","LIEN YU FA NO31","BJ4736","TWN","fishing","drifting_longlines","416000855-17be01f10-032c-7c09-55ac-5e6cd75d1f7b-019dbd8f85e8",2026-04-24 03:36:33,"TWN","DONGGANG",4,6.83,0,0,0,"17be01f10-032c-7c09-55ac-5e6cd75d1f7b",TRUE,TRUE,"=HYPERLINK(""https://globalfishingwatch.org/map/vessel/17be01f10-032c-7c09-55ac-5e6cd75d1f7b?&start=2026-03-01&end=2026-04-30"")"
"416001052",NA,FALSE,"5d92be9f9-980c-6445-df4b-72eb7a96b960","JYI TSAIR NO.28","BJ4460","TWN","fishing","drifting_longlines","416001052-5d92be9f9-980c-6445-df4b-72eb7a96b960-019cdcf80640",2026-03-11 12:56:08,"TWN","DONGGANG",4,50.46,0,50,69,"5d92be9f9-980c-6445-df4b-72eb7a96b960",TRUE,TRUE,"=HYPERLINK(""https://globalfishingwatch.org/map/vessel/5d92be9f9-980c-6445-df4b-72eb7a96b960?&start=2026-03-01&end=2026-04-30"")"
"416001255",NA,FALSE,"8348480fb-ba98-8db3-9701-367d4559e763","MAN  SHUEN  NO.12","BJ4636","TWN","fishing","drifting_longlines","416001255-8348480fb-ba98-8db3-9701-367d4559e763-019d700ed328",2026-04-09 02:25:13,"TWN","SUAO",4,21.88,0,10,8,"8348480fb-ba98-8db3-9701-367d4559e763",TRUE,TRUE,"=HYPERLINK(""https://globalfishingwatch.org/map/vessel/8348480fb-ba98-8db3-9701-367d4559e763?&start=2026-03-01&end=2026-04-30"")"
"416001344",NA,FALSE,"93c6fa57a-acf7-2c41-111c-2bd2998049d9","DA FENG NO.7","BJ3497","TWN","fishing","drifting_longlines","416001344-93c6fa57a-acf7-2c41-111c-2bd2998049d9-019da9df31b0",2026-04-20 07:51:10,"TWN","SUAO",4,10.67,0,0,3,"93c6fa57a-acf7-2c41-111c-2bd2998049d9",TRUE,TRUE,"=HYPERLINK(""https://globalfishingwatch.org/map/vessel/93c6fa57a-acf7-2c41-111c-2bd2998049d9?&start=2026-03-01&end=2026-04-30"")"
"416001414",NA,FALSE,"94504e3f2-2a26-0dc5-187d-6c2e6b9b3e72","MAN YI NO.168","BJ4651","TWN","fishing","drifting_longlines","416001414-94504e3f2-2a26-0dc5-187d-6c2e6b9b3e72-019cef1e6ad0",2026-03-15 01:31:14,"TWN","SUAO",4,46.92,0,29,59,"94504e3f2-2a26-0dc5-187d-6c2e6b9b3e72",TRUE,TRUE,"=HYPERLINK(""https://globalfishingwatch.org/map/vessel/94504e3f2-2a26-0dc5-187d-6c2e6b9b3e72?&start=2026-03-01&end=2026-04-30"")"
"416001447",NA,FALSE,"aed10a9d1-1bce-d4d3-2241-14c7d00214cb","SIN DE YI NO.206","BJ4479","TWN","fishing","drifting_longlines","416001447-aed10a9d1-1bce-d4d3-2241-14c7d00214cb-019d7009f128",2026-04-09 02:19:53,"TWN","SUAO",4,21.88,0,5,15,"aed10a9d1-1bce-d4d3-2241-14c7d00214cb",TRUE,TRUE,"=HYPERLINK(""https://globalfishingwatch.org/map/vessel/aed10a9d1-1bce-d4d3-2241-14c7d00214cb?&start=2026-03-01&end=2026-04-30"")"
"416001519",NA,FALSE,"f54df94ae-e65f-f2e9-4799-ce091fb945ca","SHENG FU YU NO.168","BJ4631","TWN","fishing","drifting_longlines","416001519-f54df94ae-e65f-f2e9-4799-ce091fb945ca-019cd1cf03b8",2026-03-09 08:55:31,"TWN","SUAO",4,52.63,0,30,41,"f54df94ae-e65f-f2e9-4799-ce091fb945ca",TRUE,TRUE,"=HYPERLINK(""https://globalfishingwatch.org/map/vessel/f54df94ae-e65f-f2e9-4799-ce091fb945ca?&start=2026-03-01&end=2026-04-30"")"
"416001799",NA,FALSE,"c83849dd3-3e9f-fb9d-d744-02dd96dd9bfc","HORNG YIH FWUM NO628","BJ4570","TWN","fishing","drifting_longlines","416001799-c83849dd3-3e9f-fb9d-d744-02dd96dd9bfc-019cea5d0a60",2026-03-14 03:21:32,"TWN","SUAO",4,47.83,0,29,6,"c83849dd3-3e9f-fb9d-d744-02dd96dd9bfc",TRUE,TRUE,"=HYPERLINK(""https://globalfishingwatch.org/map/vessel/c83849dd3-3e9f-fb9d-d744-02dd96dd9bfc?&start=2026-03-01&end=2026-04-30"")"
"416001833",NA,FALSE,"871448bb9-971e-0372-b9bb-9474b02e1b2d","CHINLONGFA","BJ4744","TWN","fishing","drifting_longlines","416001833-871448bb9-971e-0372-b9bb-9474b02e1b2d-019cbb63f480",2026-03-05 00:26:56,"TWN","DONGGANG",4,56.96,0,34,49,"871448bb9-971e-0372-b9bb-9474b02e1b2d",TRUE,TRUE,"=HYPERLINK(""https://globalfishingwatch.org/map/vessel/871448bb9-971e-0372-b9bb-9474b02e1b2d?&start=2026-03-01&end=2026-04-30"")"
"416002127",NA,FALSE,"41cb8b608-8ac2-3791-8446-45e03c6d20c9","JIN CHENG LI NO1","BJ4753","TWN","fishing","drifting_longlines","416002127-41cb8b608-8ac2-3791-8446-45e03c6d20c9-019cbc0220b0",2026-03-05 03:19:42,"TWN","DONGGANG",4,56.83,0,19,10,"41cb8b608-8ac2-3791-8446-45e03c6d20c9",TRUE,TRUE,"=HYPERLINK(""https://globalfishingwatch.org/map/vessel/41cb8b608-8ac2-3791-8446-45e03c6d20c9?&start=2026-03-01&end=2026-04-30"")"
"416002154",NA,FALSE,"054419a52-260f-12b5-9188-0e276e6908f4","LIAN YU CAI NO.168","BG3987","TWN","fishing","drifting_longlines","416002154-054419a52-260f-12b5-9188-0e276e6908f4-019ccb4d03a0",2026-03-08 02:35:48,"TWN","SUAO",4,53.88,0,31,56,"054419a52-260f-12b5-9188-0e276e6908f4",TRUE,TRUE,"=HYPERLINK(""https://globalfishingwatch.org/map/vessel/054419a52-260f-12b5-9188-0e276e6908f4?&start=2026-03-01&end=2026-04-30"")"
"416002194",NA,FALSE,"06905d3d4-40b7-f398-17ad-2e7356dc2930","MIN FA YU","BJ4765","TWN","fishing","drifting_longlines","416002194-06905d3d4-40b7-f398-17ad-2e7356dc2930-019dbd0c7338",2026-04-24 01:13:23,"TWN","DONGGANG",4,6.92,0,0,0,"06905d3d4-40b7-f398-17ad-2e7356dc2930",TRUE,TRUE,"=HYPERLINK(""https://globalfishingwatch.org/map/vessel/06905d3d4-40b7-f398-17ad-2e7356dc2930?&start=2026-03-01&end=2026-04-30"")"
"416002196",NA,FALSE,"47622ec28-819e-178b-18c8-7220ce86e108","MING JYH FWU NO12","BJ4770","TWN","fishing","drifting_longlines","416002196-47622ec28-819e-178b-18c8-7220ce86e108-019cf9c9d8e8",2026-03-17 03:14:41,"TWN","DONGGANG",4,44.83,0,13,11,"47622ec28-819e-178b-18c8-7220ce86e108",TRUE,TRUE,"=HYPERLINK(""https://globalfishingwatch.org/map/vessel/47622ec28-819e-178b-18c8-7220ce86e108?&start=2026-03-01&end=2026-04-30"")"
"416002222",NA,FALSE,"4e2ff7e65-573c-1505-28c8-a8b4142c4210","DA SHENG YI","BJ4764","TWN","fishing","drifting_longlines","416002222-4e2ff7e65-573c-1505-28c8-a8b4142c4210-019d0a3fce58",2026-03-20 07:57:27,"TWN","SUAO",4,41.67,0,16,35,"4e2ff7e65-573c-1505-28c8-a8b4142c4210",TRUE,TRUE,"=HYPERLINK(""https://globalfishingwatch.org/map/vessel/4e2ff7e65-573c-1505-28c8-a8b4142c4210?&start=2026-03-01&end=2026-04-30"")"
"416002298",NA,FALSE,"996e83019-953b-a949-7557-63cab343dc6f","JIN HAE FUN NO368",NA,"TWN","fishing","drifting_longlines","416002298-996e83019-953b-a949-7557-63cab343dc6f-019daa4d02f8",2026-04-20 09:51:07,"TWN","DONGGANG",4,10.58,0,1,0,"996e83019-953b-a949-7557-63cab343dc6f",TRUE,TRUE,"=HYPERLINK(""https://globalfishingwatch.org/map/vessel/996e83019-953b-a949-7557-63cab343dc6f?&start=2026-03-01&end=2026-04-30"")"
"416002527",NA,FALSE,"61f9f2e6f-ff05-72c1-2bc3-c025503eabc7","SHEN LONG YU NO.31","BJ4805","TWN","fishing","drifting_longlines","416002527-61f9f2e6f-ff05-72c1-2bc3-c025503eabc7-019d94320ba8",2026-04-16 02:50:01,"TWN","DONGGANG",4,14.88,0,0,0,"61f9f2e6f-ff05-72c1-2bc3-c025503eabc7",TRUE,TRUE,"=HYPERLINK(""https://globalfishingwatch.org/map/vessel/61f9f2e6f-ff05-72c1-2bc3-c025503eabc7?&start=2026-03-01&end=2026-04-30"")"
"416002537",NA,FALSE,"d6da6fa36-69af-792a-9622-9684494f0673","MANN  YIH  NO.268","BJ4816","TWN","fishing","drifting_longlines","416002537-d6da6fa36-69af-792a-9622-9684494f0673-019d08b7a7b8",2026-03-20 00:49:07,"TWN","SUAO",3,41.96,0,32,65,"d6da6fa36-69af-792a-9622-9684494f0673",TRUE,TRUE,"=HYPERLINK(""https://globalfishingwatch.org/map/vessel/d6da6fa36-69af-792a-9622-9684494f0673?&start=2026-03-01&end=2026-04-30"")"
"416002799",NA,FALSE,"e3381ec66-6f0e-d526-eee2-8b29442b4a7a","AN WEN FA","BG3977","TWN","fishing","drifting_longlines","416002799-e3381ec66-6f0e-d526-eee2-8b29442b4a7a-019cbbda9b80",2026-03-05 02:36:32,"TWN","DONGGANG",3,56.88,0,43,86,"e3381ec66-6f0e-d526-eee2-8b29442b4a7a",TRUE,TRUE,"=HYPERLINK(""https://globalfishingwatch.org/map/vessel/e3381ec66-6f0e-d526-eee2-8b29442b4a7a?&start=2026-03-01&end=2026-04-30"")"
"416002804",NA,FALSE,"f324a53a7-794f-3250-7456-47a0ca094569","SYU MAN CAI","BG3972","TWN","fishing","drifting_longlines","416002804-f324a53a7-794f-3250-7456-47a0ca094569-019d89a2b110",2026-04-14 01:37:14,"TWN","DONGGANG",4,16.92,0,4,3,"f324a53a7-794f-3250-7456-47a0ca094569",TRUE,TRUE,"=HYPERLINK(""https://globalfishingwatch.org/map/vessel/f324a53a7-794f-3250-7456-47a0ca094569?&start=2026-03-01&end=2026-04-30"")"
"416002826",NA,FALSE,"0ce2e804d-d0df-9df6-60e1-6f2ac169eff1","LIAN YU FA NO.2","BJ4865","TWN","fishing","drifting_longlines","416002826-0ce2e804d-d0df-9df6-60e1-6f2ac169eff1-019ccb483910",2026-03-08 02:30:34,"TWN","SUAO",4,53.88,4,29,61,"0ce2e804d-d0df-9df6-60e1-6f2ac169eff1",TRUE,TRUE,"=HYPERLINK(""https://globalfishingwatch.org/map/vessel/0ce2e804d-d0df-9df6-60e1-6f2ac169eff1?&start=2026-03-01&end=2026-04-30"")"
"416002900",NA,FALSE,"096312a5e-e7a5-c141-6169-73e75bc41c2b","FONG CHUN NO.66",NA,"TWN","fishing","drifting_longlines","416002900-096312a5e-e7a5-c141-6169-73e75bc41c2b-019d5bfd8e88",2026-04-05 04:53:57,"CHN","HONGKONG",4,25.79,0,2,4,"096312a5e-e7a5-c141-6169-73e75bc41c2b",TRUE,TRUE,"=HYPERLINK(""https://globalfishingwatch.org/map/vessel/096312a5e-e7a5-c141-6169-73e75bc41c2b?&start=2026-03-01&end=2026-04-30"")"
"416002995",NA,FALSE,"9dbb3b15a-a82a-d419-a9ea-fdb1c7f8ffb5","HE SHUN  NO 6","BG 3934","TWN","fishing","drifting_longlines","416002995-9dbb3b15a-a82a-d419-a9ea-fdb1c7f8ffb5-019d9466b038",2026-04-16 03:47:31,"TWN","DONGGANG",4,14.83,0,5,4,"9dbb3b15a-a82a-d419-a9ea-fdb1c7f8ffb5",TRUE,TRUE,"=HYPERLINK(""https://globalfishingwatch.org/map/vessel/9dbb3b15a-a82a-d419-a9ea-fdb1c7f8ffb5?&start=2026-03-01&end=2026-04-30"")"
"416002998",NA,FALSE,"28de34089-9664-0edd-c22a-5d4e53d4d9d8","LINE YU FA NO32","BJ4607","TWN","fishing","drifting_longlines","416002998-28de34089-9664-0edd-c22a-5d4e53d4d9d8-019dc8712ed0",2026-04-26 06:19:14,"TWN","DONGGANG",4,4.71,0,0,0,"28de34089-9664-0edd-c22a-5d4e53d4d9d8",TRUE,TRUE,"=HYPERLINK(""https://globalfishingwatch.org/map/vessel/28de34089-9664-0edd-c22a-5d4e53d4d9d8?&start=2026-03-01&end=2026-04-30"")"
"416003063",NA,FALSE,"04e0b95fc-c047-7973-d9b4-b3d6cc87d38b","JINFU-SHENG","BJ4036","TWN","fishing","drifting_longlines","416003063-04e0b95fc-c047-7973-d9b4-b3d6cc87d38b-019d50f5c3e8",2026-04-03 01:29:37,"TWN","DONGGANG",4,27.92,0,15,38,"04e0b95fc-c047-7973-d9b4-b3d6cc87d38b",TRUE,TRUE,"=HYPERLINK(""https://globalfishingwatch.org/map/vessel/04e0b95fc-c047-7973-d9b4-b3d6cc87d38b?&start=2026-03-01&end=2026-04-30"")"
"416003205",NA,FALSE,"a0ebbf380-0ba4-8b8d-0a8b-25df3bb9d62e","LIEN YU FA NO 66","BJ4584","TWN","fishing","drifting_longlines","416003205-a0ebbf380-0ba4-8b8d-0a8b-25df3bb9d62e-019d0de5c800",2026-03-21 00:57:36,"TWN","DONGGANG",4,40.96,0,30,27,"a0ebbf380-0ba4-8b8d-0a8b-25df3bb9d62e",TRUE,TRUE,"=HYPERLINK(""https://globalfishingwatch.org/map/vessel/a0ebbf380-0ba4-8b8d-0a8b-25df3bb9d62e?&start=2026-03-01&end=2026-04-30"")"
"416003315",NA,FALSE,"702b325e5-58d5-4b68-bce3-a55f3aa71d2e","SHUN YI SIN","BJ4995","TWN","fishing","drifting_longlines","416003315-702b325e5-58d5-4b68-bce3-a55f3aa71d2e-019d899fcec8",2026-04-14 01:34:05,"TWN","DONGGANG",4,16.92,0,8,3,"702b325e5-58d5-4b68-bce3-a55f3aa71d2e",TRUE,TRUE,"=HYPERLINK(""https://globalfishingwatch.org/map/vessel/702b325e5-58d5-4b68-bce3-a55f3aa71d2e?&start=2026-03-01&end=2026-04-30"")"
"416004262",NA,FALSE,"d51220eeb-b0cb-d1bc-f172-2939f8760f6b","JIN MAN NO.66",NA,"TWN","fishing","drifting_longlines","416004262-d51220eeb-b0cb-d1bc-f172-2939f8760f6b-019d1e229888",2026-03-24 04:37:57,"CHN","HONGKONG",4,37.79,0,22,28,"d51220eeb-b0cb-d1bc-f172-2939f8760f6b",TRUE,TRUE,"=HYPERLINK(""https://globalfishingwatch.org/map/vessel/d51220eeb-b0cb-d1bc-f172-2939f8760f6b?&start=2026-03-01&end=2026-04-30"")"
"416004363",NA,FALSE,"86747ee66-6fb3-238d-5361-a2a6505cdb65","JIA CHENG NO.168","BJ5087","TWN","fishing","drifting_longlines","416004363-86747ee66-6fb3-238d-5361-a2a6505cdb65-019d13ae24a8",2026-03-22 03:54:33,"TWN","SUAO",4,39.83,0,21,38,"86747ee66-6fb3-238d-5361-a2a6505cdb65",TRUE,TRUE,"=HYPERLINK(""https://globalfishingwatch.org/map/vessel/86747ee66-6fb3-238d-5361-a2a6505cdb65?&start=2026-03-01&end=2026-04-30"")"
"416005220","9819791",FALSE,"650993588-8f11-de25-c6f7-a84f867ff519","CHUN I NO.12","BI2665","TWN","fishing","drifting_longlines","416005220-650993588-8f11-de25-c6f7-a84f867ff519-019dc816d200",2026-04-26 04:40:32,"TWN","KAOHSIUNG",4,4.79,0,0,0,"650993588-8f11-de25-c6f7-a84f867ff519",TRUE,TRUE,"=HYPERLINK(""https://globalfishingwatch.org/map/vessel/650993588-8f11-de25-c6f7-a84f867ff519?&start=2026-03-01&end=2026-04-30"")"
"416007494",NA,FALSE,"51afbfee3-3410-da7e-d6c1-5173ddcbaba2","JIA CHENG NO.268","BG3808","TWN","fishing","drifting_longlines","416007494-51afbfee3-3410-da7e-d6c1-5173ddcbaba2-019d13ceacc8",2026-03-22 04:30:05,"TWN","SUAO",4,39.79,0,25,36,"51afbfee3-3410-da7e-d6c1-5173ddcbaba2",TRUE,TRUE,"=HYPERLINK(""https://globalfishingwatch.org/map/vessel/51afbfee3-3410-da7e-d6c1-5173ddcbaba2?&start=2026-03-01&end=2026-04-30"")"
"416032700",NA,FALSE,"1bde50d59-91ee-5b18-155f-482fc169d09e","HOU CHUN NO.1","BH3239","TWN","fishing","drifting_longlines","416032700-1bde50d59-91ee-5b18-155f-482fc169d09e-019d4d958da0",2026-04-02 09:45:40,"TWN","KAOHSIUNG",3,28.58,0,0,0,"1bde50d59-91ee-5b18-155f-482fc169d09e",TRUE,TRUE,"=HYPERLINK(""https://globalfishingwatch.org/map/vessel/1bde50d59-91ee-5b18-155f-482fc169d09e?&start=2026-03-01&end=2026-04-30"")"
"416081600",NA,FALSE,"ee4d806a4-490e-6e60-b46d-dbe59bf5d68b","FONG CHUN NO166","BI2538","TWN","fishing","drifting_longlines","416081600-ee4d806a4-490e-6e60-b46d-dbe59bf5d68b-019d757299d0",2026-04-10 03:32:18,"CHN","HONGKONG",4,20.83,0,0,0,"ee4d806a4-490e-6e60-b46d-dbe59bf5d68b",TRUE,TRUE,"=HYPERLINK(""https://globalfishingwatch.org/map/vessel/ee4d806a4-490e-6e60-b46d-dbe59bf5d68b?&start=2026-03-01&end=2026-04-30"")"
"416088900","8985359",FALSE,"47f8b8ac1-1fc4-ffa1-9e3b-c14c238de58e","HUNGSHING212","BI2348","TWN","fishing","drifting_longlines","416088900-47f8b8ac1-1fc4-ffa1-9e3b-c14c238de58e-019d56a3d618",2026-04-04 03:57:51,"TWN","KAOHSIUNG",4,26.83,0,3,2,"47f8b8ac1-1fc4-ffa1-9e3b-c14c238de58e",TRUE,TRUE,"=HYPERLINK(""https://globalfishingwatch.org/map/vessel/47f8b8ac1-1fc4-ffa1-9e3b-c14c238de58e?&start=2026-03-01&end=2026-04-30"")"
"416099800",NA,FALSE,"4862e9b59-94a0-5f4c-f41a-f2c2051da22c","CHUN I NO.206","BI2421","TWN","fishing","drifting_longlines","416099800-4862e9b59-94a0-5f4c-f41a-f2c2051da22c-019dc7fb1858",2026-04-26 04:10:15,"TWN","KAOHSIUNG",4,4.79,0,0,0,"4862e9b59-94a0-5f4c-f41a-f2c2051da22c",TRUE,TRUE,"=HYPERLINK(""https://globalfishingwatch.org/map/vessel/4862e9b59-94a0-5f4c-f41a-f2c2051da22c?&start=2026-03-01&end=2026-04-30"")"
"416111111",NA,FALSE,"27245aed1-173d-b778-ea6b-c1ccad3dde9c","FONG CHUN NO.36","BI2542","TWN","fishing","fishing","416111111-27245aed1-173d-b778-ea6b-c1ccad3dde9c-019d60cfc390",2026-04-06 03:22:02,"TWN","SUAO",3,24.83,0,0,0,"27245aed1-173d-b778-ea6b-c1ccad3dde9c",TRUE,TRUE,"=HYPERLINK(""https://globalfishingwatch.org/map/vessel/27245aed1-173d-b778-ea6b-c1ccad3dde9c?&start=2026-03-01&end=2026-04-30"")"
"416111500",NA,FALSE,"ee6777c1e-ef3e-873b-e0fe-5e07fedc1c4d","FONGCHUN36","BI2542","TWN","fishing","drifting_longlines","416111500-ee6777c1e-ef3e-873b-e0fe-5e07fedc1c4d-019d754d9928",2026-04-10 02:51:53,"TWN","KAOHSIUNG",4,20.88,0,1,0,"ee6777c1e-ef3e-873b-e0fe-5e07fedc1c4d",TRUE,TRUE,"=HYPERLINK(""https://globalfishingwatch.org/map/vessel/ee6777c1e-ef3e-873b-e0fe-5e07fedc1c4d?&start=2026-03-01&end=2026-04-30"")"
"416174600",NA,FALSE,"aab9e3e8f-fd58-a247-857d-69d3c68629fb","HSIEH TA","BI2587","TWN","fishing","drifting_longlines","416174600-aab9e3e8f-fd58-a247-857d-69d3c68629fb-019d5410ac00",2026-04-03 15:57:52,"TWN","KAOHSIUNG",4,27.33,0,0,6,"aab9e3e8f-fd58-a247-857d-69d3c68629fb",TRUE,TRUE,"=HYPERLINK(""https://globalfishingwatch.org/map/vessel/aab9e3e8f-fd58-a247-857d-69d3c68629fb?&start=2026-03-01&end=2026-04-30"")"
"416174900",NA,FALSE,"4188cd86d-de53-ebd3-e2e1-6373c80dc1cc","CHUN I NO.218","BI2196","TWN","fishing","drifting_longlines","416174900-4188cd86d-de53-ebd3-e2e1-6373c80dc1cc-019d7a9ee558",2026-04-11 03:38:47,"CHN","HONGKONG",4,19.83,0,0,0,"4188cd86d-de53-ebd3-e2e1-6373c80dc1cc",TRUE,TRUE,"=HYPERLINK(""https://globalfishingwatch.org/map/vessel/4188cd86d-de53-ebd3-e2e1-6373c80dc1cc?&start=2026-03-01&end=2026-04-30"")"
"416217800",NA,FALSE,"2fc2b007e-ee2f-2bf6-6165-a8afe0512b70","JIA YI FA","BJ4970","TWN","fishing","set_longlines","416217800-2fc2b007e-ee2f-2bf6-6165-a8afe0512b70-019d896a6ad0",2026-04-14 00:35:46,"TWN","DONGGANG",3,16.96,0,0,0,"2fc2b007e-ee2f-2bf6-6165-a8afe0512b70",TRUE,TRUE,"=HYPERLINK(""https://globalfishingwatch.org/map/vessel/2fc2b007e-ee2f-2bf6-6165-a8afe0512b70?&start=2026-03-01&end=2026-04-30"")"
"416367000",NA,FALSE,"ee5c80c90-0be7-3c7c-68ea-b0f8a4812f11","HSIANG HSIN NO6","BI2546","TWN","fishing","drifting_longlines","416367000-ee5c80c90-0be7-3c7c-68ea-b0f8a4812f11-019d95288550",2026-04-16 07:19:14,"TWN","KAOHSIUNG",4,14.67,0,0,0,"ee5c80c90-0be7-3c7c-68ea-b0f8a4812f11",TRUE,TRUE,"=HYPERLINK(""https://globalfishingwatch.org/map/vessel/ee5c80c90-0be7-3c7c-68ea-b0f8a4812f11?&start=2026-03-01&end=2026-04-30"")"
"431000713",NA,FALSE,"8b4e60703-3a56-072c-e0a6-791daa20a70c",NA,NA,"JPN","fishing","drifting_longlines","431000713-8b4e60703-3a56-072c-e0a6-791daa20a70c-019da8c59008",2026-04-20 02:43:33,"JPN","CHOSHI",4,10.88,0,2,0,"8b4e60703-3a56-072c-e0a6-791daa20a70c",TRUE,TRUE,"=HYPERLINK(""https://globalfishingwatch.org/map/vessel/8b4e60703-3a56-072c-e0a6-791daa20a70c?&start=2026-03-01&end=2026-04-30"")"
"431000713",NA,FALSE,"3d43bd922-27f2-5043-2103-ed649122fcf6","TOMI MARU NO.58",NA,"JPN","fishing","drifting_longlines","431000713-3d43bd922-27f2-5043-2103-ed649122fcf6-019d4c3ea478",2026-04-02 03:31:07,"JPN","CHOSHI",4,28.83,0,0,0,"3d43bd922-27f2-5043-2103-ed649122fcf6",TRUE,TRUE,"=HYPERLINK(""https://globalfishingwatch.org/map/vessel/3d43bd922-27f2-5043-2103-ed649122fcf6?&start=2026-03-01&end=2026-04-30"")"
"431000775",NA,TRUE,"6f502e640-0f87-023c-41bb-2c5c0b671ec4",NA,NA,"JPN","fishing","drifting_longlines","431000775-6f502e640-0f87-023c-41bb-2c5c0b671ec4-019d6fa1d0e8",2026-04-09 00:26:09,"JPN","CHOSHI",4,21.96,0,7,3,"6f502e640-0f87-023c-41bb-2c5c0b671ec4",TRUE,TRUE,"=HYPERLINK(""https://globalfishingwatch.org/map/vessel/6f502e640-0f87-023c-41bb-2c5c0b671ec4?&start=2026-03-01&end=2026-04-30"")"
"431000857",NA,FALSE,"0bdb13a9b-ba9d-23cf-7a5d-34e659d6027a","TERUMARU NO.8",NA,"JPN","fishing","drifting_longlines","431000857-0bdb13a9b-ba9d-23cf-7a5d-34e659d6027a-019db2629390",2026-04-21 23:31:38,"JPN","CHOSHI",4,9,0,0,2,"0bdb13a9b-ba9d-23cf-7a5d-34e659d6027a",TRUE,TRUE,"=HYPERLINK(""https://globalfishingwatch.org/map/vessel/0bdb13a9b-ba9d-23cf-7a5d-34e659d6027a?&start=2026-03-01&end=2026-04-30"")"
"431000931",NA,FALSE,"fb43721cb-b1ce-16a7-bfb1-b765129da4d4","HANEI MARU NO.188",NA,"JPN","fishing","drifting_longlines","431000931-fb43721cb-b1ce-16a7-bfb1-b765129da4d4-019dc8ad5158",2026-04-26 07:24:55,"JPN","CHOSHI",4,4.67,0,3,1,"fb43721cb-b1ce-16a7-bfb1-b765129da4d4",TRUE,TRUE,"=HYPERLINK(""https://globalfishingwatch.org/map/vessel/fb43721cb-b1ce-16a7-bfb1-b765129da4d4?&start=2026-03-01&end=2026-04-30"")"
"431002127",NA,FALSE,"1e0b1d4f3-3d18-82f4-4cf5-201b072e260a","SEIRYO MARU NO18",NA,"JPN","fishing","drifting_longlines","431002127-1e0b1d4f3-3d18-82f4-4cf5-201b072e260a-019dcc7a4b60",2026-04-27 01:07:40,"JPN","SENDAI",4,3.92,0,0,0,"1e0b1d4f3-3d18-82f4-4cf5-201b072e260a",TRUE,TRUE,"=HYPERLINK(""https://globalfishingwatch.org/map/vessel/1e0b1d4f3-3d18-82f4-4cf5-201b072e260a?&start=2026-03-01&end=2026-04-30"")"
"431003491",NA,TRUE,"80de47a47-705a-cac2-0149-e64937e5a357",NA,NA,"JPN","fishing","drifting_longlines","431003491-80de47a47-705a-cac2-0149-e64937e5a357-019daee95708",2026-04-21 07:20:21,"JPN","CHOSHI",4,9.67,0,1,0,"80de47a47-705a-cac2-0149-e64937e5a357",TRUE,TRUE,"=HYPERLINK(""https://globalfishingwatch.org/map/vessel/80de47a47-705a-cac2-0149-e64937e5a357?&start=2026-03-01&end=2026-04-30"")"
"431003491",NA,FALSE,"db80c113e-e270-bf6e-b06d-4b18dcf4291a","EIYUMARU NO.28",NA,"JPN","fishing","drifting_longlines","431003491-db80c113e-e270-bf6e-b06d-4b18dcf4291a-019d31e7d838",2026-03-28 00:46:11,"JPN","CHOSHI",4,33.96,0,5,4,"db80c113e-e270-bf6e-b06d-4b18dcf4291a",TRUE,TRUE,"=HYPERLINK(""https://globalfishingwatch.org/map/vessel/db80c113e-e270-bf6e-b06d-4b18dcf4291a?&start=2026-03-01&end=2026-04-30"")"
"431004286",NA,FALSE,"7aaf516f1-1886-b2a2-6d90-8d6765899c93","KATUMARU NO,31",NA,"JPN","fishing","drifting_longlines","431004286-7aaf516f1-1886-b2a2-6d90-8d6765899c93-019da2ddeb90",2026-04-18 23:12:26,"JPN","CHOSHI",4,12,0,6,1,"7aaf516f1-1886-b2a2-6d90-8d6765899c93",TRUE,TRUE,"=HYPERLINK(""https://globalfishingwatch.org/map/vessel/7aaf516f1-1886-b2a2-6d90-8d6765899c93?&start=2026-03-01&end=2026-04-30"")"
"431005009",NA,TRUE,"709e06305-53af-79bd-1166-2d0488a30dfe",NA,NA,"JPN","fishing","drifting_longlines","431005009-709e06305-53af-79bd-1166-2d0488a30dfe-019d603d14c8",2026-04-06 00:41:49,"JPN","CHOSHI",4,24.96,0,11,2,"709e06305-53af-79bd-1166-2d0488a30dfe",TRUE,TRUE,"=HYPERLINK(""https://globalfishingwatch.org/map/vessel/709e06305-53af-79bd-1166-2d0488a30dfe?&start=2026-03-01&end=2026-04-30"")"
"431014878",NA,FALSE,"4f3b9d6a8-8f0d-3a96-6aff-e145e278a1c9","TAIKO MARU NO.37",NA,"JPN","fishing","drifting_longlines","431014878-4f3b9d6a8-8f0d-3a96-6aff-e145e278a1c9-019d6fc4a2f8",2026-04-09 01:04:11,"JPN","JPN-288",4,21.92,0,5,2,"4f3b9d6a8-8f0d-3a96-6aff-e145e278a1c9",TRUE,TRUE,"=HYPERLINK(""https://globalfishingwatch.org/map/vessel/4f3b9d6a8-8f0d-3a96-6aff-e145e278a1c9?&start=2026-03-01&end=2026-04-30"")"
"431035000","9918389",FALSE,"46431cc5f-f608-fa55-280c-dce1d97e15cc","FUKUYO MARU NO.5","7KIK","JPN","fishing","drifting_longlines","431035000-46431cc5f-f608-fa55-280c-dce1d97e15cc-019d97fbcd78",2026-04-16 20:29:15,"NCL","NOUMEA",4,14.13,0,6,28,"46431cc5f-f608-fa55-280c-dce1d97e15cc",TRUE,TRUE,"=HYPERLINK(""https://globalfishingwatch.org/map/vessel/46431cc5f-f608-fa55-280c-dce1d97e15cc?&start=2026-03-01&end=2026-04-30"")"
"431100770",NA,FALSE,"800ac3cf1-1221-6eb0-a963-30f07b6c6145","NO.37 DENMARU",NA,"JPN","fishing","fishing","431100770-800ac3cf1-1221-6eb0-a963-30f07b6c6145-019d7a82a6e0",2026-04-11 03:07:56,"JPN","CHOSHI",4,19.83,0,1,1,"800ac3cf1-1221-6eb0-a963-30f07b6c6145",TRUE,TRUE,"=HYPERLINK(""https://globalfishingwatch.org/map/vessel/800ac3cf1-1221-6eb0-a963-30f07b6c6145?&start=2026-03-01&end=2026-04-30"")"
"431101240","9033153",FALSE,"e6e26391d-d2e2-1679-3f5f-a27afb14f0d7","ISOMAE MARU NO.21","JECV","JPN","fishing","drifting_longlines","431101240-e6e26391d-d2e2-1679-3f5f-a27afb14f0d7-019da92e7f50",2026-04-20 04:38:10,"JPN","KESENNUMA",3,10.79,0,0,0,"e6e26391d-d2e2-1679-3f5f-a27afb14f0d7",TRUE,TRUE,"=HYPERLINK(""https://globalfishingwatch.org/map/vessel/e6e26391d-d2e2-1679-3f5f-a27afb14f0d7?&start=2026-03-01&end=2026-04-30"")"
"431200520","9042829",FALSE,"fbe6e01a8-821b-5804-2e37-325fc9080e43","KAIO MARU NO.108","JIJT","JPN","fishing","drifting_longlines","431200520-fbe6e01a8-821b-5804-2e37-325fc9080e43-019d947d87e0",2026-04-16 04:12:28,"JPN","KOKURA",3,14.79,0,0,0,"fbe6e01a8-821b-5804-2e37-325fc9080e43",TRUE,TRUE,"=HYPERLINK(""https://globalfishingwatch.org/map/vessel/fbe6e01a8-821b-5804-2e37-325fc9080e43?&start=2026-03-01&end=2026-04-30"")"
"431215000","9992218",FALSE,"0f67adf6d-d3af-9e96-fc75-a3db35dc5a37","SHOSHIN MARU NO.18","7KPO","JPN","fishing","fishing","431215000-0f67adf6d-d3af-9e96-fc75-a3db35dc5a37-019d048c1ac0",2026-03-19 05:23:04,"JPN","HACHINOHE",4,42.75,0,72,97,"0f67adf6d-d3af-9e96-fc75-a3db35dc5a37",TRUE,TRUE,"=HYPERLINK(""https://globalfishingwatch.org/map/vessel/0f67adf6d-d3af-9e96-fc75-a3db35dc5a37?&start=2026-03-01&end=2026-04-30"")"
"431291000","1061790",FALSE,"e8f849b89-9cef-5ecf-88f3-4ad29c79f2f1","FUKUEI MARU NO.78","7KQJ","JPN","fishing","drifting_longlines","431291000-e8f849b89-9cef-5ecf-88f3-4ad29c79f2f1-019cda97a428",2026-03-11 01:51:37,"JPN","SHIMIZU",4,50.92,1,11,72,"e8f849b89-9cef-5ecf-88f3-4ad29c79f2f1",TRUE,TRUE,"=HYPERLINK(""https://globalfishingwatch.org/map/vessel/e8f849b89-9cef-5ecf-88f3-4ad29c79f2f1?&start=2026-03-01&end=2026-04-30"")"
"431457000","9185724",FALSE,"9b3a0a8b3-32c8-7619-e02d-ace00ae15c7b","MATSUEI MARU NO28","JDYA","JPN","fishing","set_longlines","431457000-9b3a0a8b3-32c8-7619-e02d-ace00ae15c7b-019d7f8e6e30",2026-04-12 02:38:54,"JPN","YAIZU",4,18.88,0,0,0,"9b3a0a8b3-32c8-7619-e02d-ace00ae15c7b",TRUE,TRUE,"=HYPERLINK(""https://globalfishingwatch.org/map/vessel/9b3a0a8b3-32c8-7619-e02d-ace00ae15c7b?&start=2026-03-01&end=2026-04-30"")"
"431486000","1106576",FALSE,"9ce33d4a2-28fe-f225-3c7e-e23d74778fd3","GOEI MARU NO.88","7KSE","JPN","fishing","drifting_longlines","431486000-9ce33d4a2-28fe-f225-3c7e-e23d74778fd3-019dc02a1e58",2026-04-24 15:44:39,"JPN","SHIMIZU",3,6.33,0,0,0,"9ce33d4a2-28fe-f225-3c7e-e23d74778fd3",TRUE,TRUE,"=HYPERLINK(""https://globalfishingwatch.org/map/vessel/9ce33d4a2-28fe-f225-3c7e-e23d74778fd3?&start=2026-03-01&end=2026-04-30"")"
"431501689",NA,TRUE,"e7d33bdb8-810f-2eb7-cf29-6ba02007fc63",NA,NA,"JPN","fishing","drifting_longlines","431501689-e7d33bdb8-810f-2eb7-cf29-6ba02007fc63-019d91874e68",2026-04-15 14:24:17,"JPN","JPN-288",4,15.38,0,4,0,"e7d33bdb8-810f-2eb7-cf29-6ba02007fc63",TRUE,TRUE,"=HYPERLINK(""https://globalfishingwatch.org/map/vessel/e7d33bdb8-810f-2eb7-cf29-6ba02007fc63?&start=2026-03-01&end=2026-04-30"")"
"431501762",NA,TRUE,"68c55bc25-5ad9-fa09-8671-34489453647d",NA,NA,"JPN","fishing","drifting_longlines","431501762-68c55bc25-5ad9-fa09-8671-34489453647d-019ddd40a2f0",2026-04-30 07:18:14,"JPN","CHOSHI",3,0.67,0,0,0,"68c55bc25-5ad9-fa09-8671-34489453647d",TRUE,TRUE,"=HYPERLINK(""https://globalfishingwatch.org/map/vessel/68c55bc25-5ad9-fa09-8671-34489453647d?&start=2026-03-01&end=2026-04-30"")"
"431501786",NA,TRUE,"08e1cebac-c5a7-a8e5-69f2-98283cc263fa",NA,NA,"JPN","fishing","drifting_longlines","431501786-08e1cebac-c5a7-a8e5-69f2-98283cc263fa-019d92b82960",2026-04-15 19:57:16,"JPN","KOCHI",4,15.17,0,1,0,"08e1cebac-c5a7-a8e5-69f2-98283cc263fa",TRUE,TRUE,"=HYPERLINK(""https://globalfishingwatch.org/map/vessel/08e1cebac-c5a7-a8e5-69f2-98283cc263fa?&start=2026-03-01&end=2026-04-30"")"
"431501786",NA,FALSE,"8ab6e2e6b-ba7b-da34-a7fa-4fcea42cf26e","WAKASHIOMARU NO.31",NA,"JPN","fishing","drifting_longlines","431501786-8ab6e2e6b-ba7b-da34-a7fa-4fcea42cf26e-019d6fc78d10",2026-04-09 01:07:22,"JPN","CHOSHI",4,21.92,0,0,0,"8ab6e2e6b-ba7b-da34-a7fa-4fcea42cf26e",TRUE,TRUE,"=HYPERLINK(""https://globalfishingwatch.org/map/vessel/8ab6e2e6b-ba7b-da34-a7fa-4fcea42cf26e?&start=2026-03-01&end=2026-04-30"")"
"431501789",NA,TRUE,"2b6b7c379-9c86-e41b-1ddc-99688f39cbed",NA,NA,"JPN","fishing","drifting_longlines","431501789-2b6b7c379-9c86-e41b-1ddc-99688f39cbed-019da34fd3b8",2026-04-19 01:16:51,"JPN","CHOSHI",4,11.92,0,0,0,"2b6b7c379-9c86-e41b-1ddc-99688f39cbed",TRUE,TRUE,"=HYPERLINK(""https://globalfishingwatch.org/map/vessel/2b6b7c379-9c86-e41b-1ddc-99688f39cbed?&start=2026-03-01&end=2026-04-30"")"
"431501789",NA,FALSE,"cc2cb51fa-a25b-64c4-32ef-ea21af9fac16","AKEBONOMARU NO,53",NA,"JPN","fishing","drifting_longlines","431501789-cc2cb51fa-a25b-64c4-32ef-ea21af9fac16-019cc5a71b48",2026-03-07 00:16:29,"JPN","CHOSHI",4,54.96,0,6,7,"cc2cb51fa-a25b-64c4-32ef-ea21af9fac16",TRUE,TRUE,"=HYPERLINK(""https://globalfishingwatch.org/map/vessel/cc2cb51fa-a25b-64c4-32ef-ea21af9fac16?&start=2026-03-01&end=2026-04-30"")"
"431501795",NA,FALSE,"fc57b3a4a-a45d-3ee5-8cb7-230ef55eeeb7","WAKASHIOMARU NO.33",NA,"JPN","fishing","drifting_longlines","431501795-fc57b3a4a-a45d-3ee5-8cb7-230ef55eeeb7-019d6fa130c0",2026-04-09 00:25:28,"JPN","CHOSHI",4,21.96,0,1,1,"fc57b3a4a-a45d-3ee5-8cb7-230ef55eeeb7",TRUE,TRUE,"=HYPERLINK(""https://globalfishingwatch.org/map/vessel/fc57b3a4a-a45d-3ee5-8cb7-230ef55eeeb7?&start=2026-03-01&end=2026-04-30"")"
"431601932",NA,FALSE,"874fb5e81-1e61-4e0c-32c2-d9a3f691e026",NA,NA,"JPN","fishing","drifting_longlines","431601932-874fb5e81-1e61-4e0c-32c2-d9a3f691e026-019dd2c7fcd8",2026-04-28 06:30:15,"JPN","CHOSHI",4,2.71,0,0,0,"874fb5e81-1e61-4e0c-32c2-d9a3f691e026",TRUE,TRUE,"=HYPERLINK(""https://globalfishingwatch.org/map/vessel/874fb5e81-1e61-4e0c-32c2-d9a3f691e026?&start=2026-03-01&end=2026-04-30"")"
"431601932",NA,FALSE,"b5b9443e4-46ab-82b5-2503-6bed3b2b3bf5","SEIYOUMARU",NA,"JPN","fishing","drifting_longlines","431601932-b5b9443e4-46ab-82b5-2503-6bed3b2b3bf5-019d7a014d98",2026-04-11 00:46:39,"JPN","CHOSHI",4,19.96,0,0,0,"b5b9443e4-46ab-82b5-2503-6bed3b2b3bf5",TRUE,TRUE,"=HYPERLINK(""https://globalfishingwatch.org/map/vessel/b5b9443e4-46ab-82b5-2503-6bed3b2b3bf5?&start=2026-03-01&end=2026-04-30"")"
"431602322",NA,FALSE,"ef2dbb475-55db-face-8d95-67d241cf0e91","TOMIMARU NO.38",NA,"JPN","fishing","drifting_longlines","431602322-ef2dbb475-55db-face-8d95-67d241cf0e91-019d4c4ae148",2026-04-02 03:44:29,"JPN","CHOSHI",4,28.83,0,0,0,"ef2dbb475-55db-face-8d95-67d241cf0e91",TRUE,TRUE,"=HYPERLINK(""https://globalfishingwatch.org/map/vessel/ef2dbb475-55db-face-8d95-67d241cf0e91?&start=2026-03-01&end=2026-04-30"")"
"431602322",NA,FALSE,"5bcbd94f4-4794-1a4e-f54f-7e2d16844ab0",NA,NA,"JPN","fishing","drifting_longlines","431602322-5bcbd94f4-4794-1a4e-f54f-7e2d16844ab0-019da35248a0",2026-04-19 01:19:32,"JPN","CHOSHI",4,11.92,0,4,0,"5bcbd94f4-4794-1a4e-f54f-7e2d16844ab0",TRUE,TRUE,"=HYPERLINK(""https://globalfishingwatch.org/map/vessel/5bcbd94f4-4794-1a4e-f54f-7e2d16844ab0?&start=2026-03-01&end=2026-04-30"")"
"431602338",NA,FALSE,"e249378fe-e7d0-1a00-dcb6-c1916d101122","MINAMARU",NA,"JPN","fishing","drifting_longlines","431602338-e249378fe-e7d0-1a00-dcb6-c1916d101122-019d50887388",2026-04-02 23:30:13,"JPN","CHOSHI",4,28,0,2,1,"e249378fe-e7d0-1a00-dcb6-c1916d101122",TRUE,TRUE,"=HYPERLINK(""https://globalfishingwatch.org/map/vessel/e249378fe-e7d0-1a00-dcb6-c1916d101122?&start=2026-03-01&end=2026-04-30"")"
"431602338",NA,TRUE,"30fcc6af6-666c-d12d-dfeb-ff8e20ee30f4",NA,NA,"JPN","fishing","drifting_longlines","431602338-30fcc6af6-666c-d12d-dfeb-ff8e20ee30f4-019d98e3a508",2026-04-17 00:42:29,"JPN","CHOSHI",4,13.96,0,1,0,"30fcc6af6-666c-d12d-dfeb-ff8e20ee30f4",TRUE,TRUE,"=HYPERLINK(""https://globalfishingwatch.org/map/vessel/30fcc6af6-666c-d12d-dfeb-ff8e20ee30f4?&start=2026-03-01&end=2026-04-30"")"
"431603270",NA,FALSE,"eef42df5b-b5db-085c-d9a3-bcaa9fa9be9a","SHICHIHUKUJIN MARU",NA,"JPN","fishing","drifting_longlines","431603270-eef42df5b-b5db-085c-d9a3-bcaa9fa9be9a-019d45930bf0",2026-03-31 20:25:58,"JPN","KATSUURA",4,30.13,0,0,0,"eef42df5b-b5db-085c-d9a3-bcaa9fa9be9a",TRUE,TRUE,"=HYPERLINK(""https://globalfishingwatch.org/map/vessel/eef42df5b-b5db-085c-d9a3-bcaa9fa9be9a?&start=2026-03-01&end=2026-04-30"")"
"431663000","9109275",FALSE,"15b739e92-25a3-b5dd-c84b-b9b44bc04628","KAIGATAMARU NO.88","JQRB","JPN","fishing","drifting_longlines","431663000-15b739e92-25a3-b5dd-c84b-b9b44bc04628-019d462acb98",2026-03-31 23:11:43,"JPN","YAIZU",4,30,0,7,26,"15b739e92-25a3-b5dd-c84b-b9b44bc04628",TRUE,TRUE,"=HYPERLINK(""https://globalfishingwatch.org/map/vessel/15b739e92-25a3-b5dd-c84b-b9b44bc04628?&start=2026-03-01&end=2026-04-30"")"
"431700260","9120023",FALSE,"7f9aadd5a-ae45-97e1-47ed-952dd0c157d8","SHOEIMARU NO.7","JQTN","JPN","fishing","drifting_longlines","431700260-7f9aadd5a-ae45-97e1-47ed-952dd0c157d8-019cdac4d678",2026-03-11 02:40:59,"JPN","KESENNUMA",3,50.88,0,0,0,"7f9aadd5a-ae45-97e1-47ed-952dd0c157d8",TRUE,TRUE,"=HYPERLINK(""https://globalfishingwatch.org/map/vessel/7f9aadd5a-ae45-97e1-47ed-952dd0c157d8?&start=2026-03-01&end=2026-04-30"")"
"431701760",NA,FALSE,"89b29a461-16a7-85e7-7f3f-cdbd0b10e624","KAIYOUMARU NO30","JC337","JPN","fishing","squid_jigger","431701760-89b29a461-16a7-85e7-7f3f-cdbd0b10e624-019d91b835f0",2026-04-15 15:17:42,"JPN","HACHINOHE",4,15.33,0,9,5,"89b29a461-16a7-85e7-7f3f-cdbd0b10e624",TRUE,TRUE,"=HYPERLINK(""https://globalfishingwatch.org/map/vessel/89b29a461-16a7-85e7-7f3f-cdbd0b10e624?&start=2026-03-01&end=2026-04-30"")"
"431704110",NA,FALSE,"7527075f1-1665-e61d-4e21-2fb753ddc965","HOSHIN MARU NO.62","JJCT","JPN","fishing","drifting_longlines","431704110-7527075f1-1665-e61d-4e21-2fb753ddc965-019cf9a61c78",2026-03-17 02:35:39,"JPN","KESENNUMA",4,44.88,0,22,57,"7527075f1-1665-e61d-4e21-2fb753ddc965",TRUE,TRUE,"=HYPERLINK(""https://globalfishingwatch.org/map/vessel/7527075f1-1665-e61d-4e21-2fb753ddc965?&start=2026-03-01&end=2026-04-30"")"
"431733000","9951202",FALSE,"dc3f73d0d-d4a7-87eb-9d74-f989bad88b99","NO7.FUKUKYUMARU","7KLW","JPN","fishing","drifting_longlines","431733000-dc3f73d0d-d4a7-87eb-9d74-f989bad88b99-019d1cfe8700",2026-03-23 23:18:56,"NCL","NOUMEA",4,38,0,19,66,"dc3f73d0d-d4a7-87eb-9d74-f989bad88b99",TRUE,TRUE,"=HYPERLINK(""https://globalfishingwatch.org/map/vessel/dc3f73d0d-d4a7-87eb-9d74-f989bad88b99?&start=2026-03-01&end=2026-04-30"")"
"431813000","9135420",FALSE,"64bcc801c-c1a7-68f9-6ab0-ae6058e8eb87","CHIYOMARU NO.28","JBPU","JPN","fishing","drifting_longlines","431813000-64bcc801c-c1a7-68f9-6ab0-ae6058e8eb87-019d4c783e90",2026-04-02 04:34:02,"JPN","HACHINOHE",3,28.79,0,0,0,"64bcc801c-c1a7-68f9-6ab0-ae6058e8eb87",TRUE,TRUE,"=HYPERLINK(""https://globalfishingwatch.org/map/vessel/64bcc801c-c1a7-68f9-6ab0-ae6058e8eb87?&start=2026-03-01&end=2026-04-30"")"
"431902000","9907287",FALSE,"b2ed2b048-89ac-d537-72cb-c3523876c2e9","HOSHIN MARU NO.81","7KHG","JPN","fishing","drifting_longlines","431902000-b2ed2b048-89ac-d537-72cb-c3523876c2e9-019ddc865b70",2026-04-30 03:54:46,"AUS","TAROONA",4,0.83,0,0,0,"b2ed2b048-89ac-d537-72cb-c3523876c2e9",TRUE,TRUE,"=HYPERLINK(""https://globalfishingwatch.org/map/vessel/b2ed2b048-89ac-d537-72cb-c3523876c2e9?&start=2026-03-01&end=2026-04-30"")"
"432448000","9304564",FALSE,"2af817e06-6033-41f1-4543-36d21d18dc85","SHOEIMARU NO.1","JFGJ","JPN","fishing","drifting_longlines","432448000-2af817e06-6033-41f1-4543-36d21d18dc85-019d773c41f8",2026-04-10 11:52:11,"JPN","KESENNUMA",3,20.5,0,0,0,"2af817e06-6033-41f1-4543-36d21d18dc85",TRUE,TRUE,"=HYPERLINK(""https://globalfishingwatch.org/map/vessel/2af817e06-6033-41f1-4543-36d21d18dc85?&start=2026-03-01&end=2026-04-30"")"
"432881000",NA,FALSE,"394c97dec-c39d-e529-8514-10bd21bc46ae","HOUSEIMARUN0.8","7JMN","JPN","fishing","set_longlines","432881000-394c97dec-c39d-e529-8514-10bd21bc46ae-019dccc11c48",2026-04-27 02:25:01,"JPN","KESENNUMA",4,3.88,0,0,0,"394c97dec-c39d-e529-8514-10bd21bc46ae",TRUE,TRUE,"=HYPERLINK(""https://globalfishingwatch.org/map/vessel/394c97dec-c39d-e529-8514-10bd21bc46ae?&start=2026-03-01&end=2026-04-30"")"
"432927000",NA,FALSE,"7511e062b-bced-709f-fcb3-c0e9406eb2e3","KAIYOMARU NO51","7JNX","JPN","fishing","fishing","432927000-7511e062b-bced-709f-fcb3-c0e9406eb2e3-019dbd8b2ca0",2026-04-24 03:31:48,"JPN","ISHINOMAKI",4,6.83,0,2,3,"7511e062b-bced-709f-fcb3-c0e9406eb2e3",TRUE,TRUE,"=HYPERLINK(""https://globalfishingwatch.org/map/vessel/7511e062b-bced-709f-fcb3-c0e9406eb2e3?&start=2026-03-01&end=2026-04-30"")"
"432962000","9690303",FALSE,"a81b9534d-dc6b-313c-802c-94eb6cc45a98","HOSHIN MARU NO.78","7JQB","JPN","fishing","drifting_longlines","432962000-a81b9534d-dc6b-313c-802c-94eb6cc45a98-019db3b98488",2026-04-22 05:46:13,"NCL","NOUMEA",4,8.75,0,2,7,"a81b9534d-dc6b-313c-802c-94eb6cc45a98",TRUE,TRUE,"=HYPERLINK(""https://globalfishingwatch.org/map/vessel/a81b9534d-dc6b-313c-802c-94eb6cc45a98?&start=2026-03-01&end=2026-04-30"")"
"432971000","9709829",FALSE,"0ca293acd-d1d8-1658-0421-5fa99bd60bce","TAIKO MARU NO.8","7JQX","JPN","fishing","drifting_longlines","432971000-0ca293acd-d1d8-1658-0421-5fa99bd60bce-019cdab647e8",2026-03-11 02:25:05,"JPN","KESENNUMA",4,50.88,0,20,89,"0ca293acd-d1d8-1658-0421-5fa99bd60bce",TRUE,TRUE,"=HYPERLINK(""https://globalfishingwatch.org/map/vessel/0ca293acd-d1d8-1658-0421-5fa99bd60bce?&start=2026-03-01&end=2026-04-30"")"
"440125000","9031868",FALSE,"89aee07df-f255-8716-7a58-09b711c12a7f","313 DAEHWA","SSD","KOR","fishing","drifting_longlines","440125000-89aee07df-f255-8716-7a58-09b711c12a7f-019d846b9bd0",2026-04-13 01:18:58,"KOR","BUSAN",4,17.92,0,0,2,"89aee07df-f255-8716-7a58-09b711c12a7f",TRUE,TRUE,"=HYPERLINK(""https://globalfishingwatch.org/map/vessel/89aee07df-f255-8716-7a58-09b711c12a7f?&start=2026-03-01&end=2026-04-30"")"
"440654000","8610643",FALSE,"1dfdc5137-765b-e606-4f61-2d24694ef367","303 ORYONG","HLHJ","KOR","fishing","drifting_longlines","440654000-1dfdc5137-765b-e606-4f61-2d24694ef367-019dd1b42b78",2026-04-28 01:28:59,"KOR","BUSAN",3,2.92,0,0,0,"1dfdc5137-765b-e606-4f61-2d24694ef367",TRUE,TRUE,"=HYPERLINK(""https://globalfishingwatch.org/map/vessel/1dfdc5137-765b-e606-4f61-2d24694ef367?&start=2026-03-01&end=2026-04-30"")"
"441018000","8920907",FALSE,"c38364801-10af-1d82-6005-60239024e880","372 OYANG","DTAE9","KOR","fishing","drifting_longlines","441018000-c38364801-10af-1d82-6005-60239024e880-019cd033a338",2026-03-09 01:26:11,"KOR","BUSAN",4,52.92,1,13,60,"c38364801-10af-1d82-6005-60239024e880",TRUE,TRUE,"=HYPERLINK(""https://globalfishingwatch.org/map/vessel/c38364801-10af-1d82-6005-60239024e880?&start=2026-03-01&end=2026-04-30"")"
"576608000",NA,FALSE,"c3a6f6057-7eff-9b5a-0ef4-75a0fec2d0d7","TUNAGO NO.51","YJRP4","VUT","fishing","drifting_longlines","576608000-c3a6f6057-7eff-9b5a-0ef4-75a0fec2d0d7-019cda50f280",2026-03-11 00:34:24,"KOR","BUSAN",4,50.96,0,4,39,"c3a6f6057-7eff-9b5a-0ef4-75a0fec2d0d7",TRUE,TRUE,"=HYPERLINK(""https://globalfishingwatch.org/map/vessel/c3a6f6057-7eff-9b5a-0ef4-75a0fec2d0d7?&start=2026-03-01&end=2026-04-30"")"
"576682000",NA,FALSE,"498743884-45f7-d2f8-a361-22e7ddf17cb9","DA YU NO.2","YJSA4","VUT","fishing","drifting_longlines","576682000-498743884-45f7-d2f8-a361-22e7ddf17cb9-019d611c4198",2026-04-06 04:45:35,"KOR","BUSAN",3,24.79,0,0,0,"498743884-45f7-d2f8-a361-22e7ddf17cb9",TRUE,TRUE,"=HYPERLINK(""https://globalfishingwatch.org/map/vessel/498743884-45f7-d2f8-a361-22e7ddf17cb9?&start=2026-03-01&end=2026-04-30"")"
"576737000",NA,FALSE,"26015b578-856a-9aff-d61e-38cbb9980cfd","DA WEN","YJSG7","VUT","fishing","drifting_longlines","576737000-26015b578-856a-9aff-d61e-38cbb9980cfd-019d614126e8",2026-04-06 05:25:53,"KOR","BUSAN",3,24.75,0,0,0,"26015b578-856a-9aff-d61e-38cbb9980cfd",TRUE,TRUE,"=HYPERLINK(""https://globalfishingwatch.org/map/vessel/26015b578-856a-9aff-d61e-38cbb9980cfd?&start=2026-03-01&end=2026-04-30"")"
"576890000",NA,FALSE,"b2d55cc20-05ab-8ef7-01ba-3cbaab6de7b5","TUNA PEAK NO66",NA,"VUT","fishing","drifting_longlines","576890000-b2d55cc20-05ab-8ef7-01ba-3cbaab6de7b5-019ddd6a2bc0",2026-04-30 08:03:36,"TWN","KAOHSIUNG",4,0.63,0,0,0,"b2d55cc20-05ab-8ef7-01ba-3cbaab6de7b5",TRUE,TRUE,"=HYPERLINK(""https://globalfishingwatch.org/map/vessel/b2d55cc20-05ab-8ef7-01ba-3cbaab6de7b5?&start=2026-03-01&end=2026-04-30"")"
"600002127",NA,FALSE,"1c4bed8d5-5339-7761-ce39-a39657407db1","J","BJ1234",NA,"fishing","drifting_longlines","600002127-1c4bed8d5-5339-7761-ce39-a39657407db1-019cbbe263b0",2026-03-05 02:45:02,"TWN","DONGGANG",4,56.88,0,39,42,"1c4bed8d5-5339-7761-ce39-a39657407db1",TRUE,TRUE,"=HYPERLINK(""https://globalfishingwatch.org/map/vessel/1c4bed8d5-5339-7761-ce39-a39657407db1?&start=2026-03-01&end=2026-04-30"")"
